Fecha;Tipo_de_festivo
01/01/2016;Festivos nacionales
06/01/2016;Festivos nacionales
28/02/2016;Andalucia
28/02/2016;Aragón
28/02/2016;Asturias
28/02/2016;Baleares
28/02/2016;Canarias
28/02/2016;Cantabria
28/02/2016;Castilla y León
28/02/2016;Castilla La Mancha
28/02/2016;Cataluña
28/02/2016;Ceuta
28/02/2016;País Vasco
28/02/2016;Extremadura
28/02/2016;Galicia
28/02/2016;Madrid
28/02/2016;Melilla
28/02/2016;Murcia
28/02/2016;Navarra
28/02/2016;Valencia
28/02/2016;La Rioja
01/03/2016;Andalucia
01/03/2016;Aragón
01/03/2016;Asturias
01/03/2016;Baleares
01/03/2016;Canarias
01/03/2016;Cantabria
01/03/2016;Castilla y León
01/03/2016;Castilla La Mancha
01/03/2016;Cataluña
01/03/2016;Ceuta
01/03/2016;País Vasco
01/03/2016;Extremadura
01/03/2016;Galicia
01/03/2016;Madrid
01/03/2016;Melilla
01/03/2016;Murcia
01/03/2016;Navarra
01/03/2016;Valencia
01/03/2016;La Rioja
19/03/2016;Andalucia
19/03/2016;Aragón
19/03/2016;Asturias
19/03/2016;Baleares
19/03/2016;Canarias
19/03/2016;Cantabria
19/03/2016;Castilla y León
19/03/2016;Castilla La Mancha
19/03/2016;Cataluña
19/03/2016;Ceuta
19/03/2016;País Vasco
19/03/2016;Extremadura
19/03/2016;Galicia
19/03/2016;Madrid
19/03/2016;Melilla
19/03/2016;Murcia
19/03/2016;Navarra
19/03/2016;Valencia
19/03/2016;La Rioja
21/03/2016;Día Entre Festivos
22/03/2016;Día Entre Festivos
23/03/2016;Día Entre Festivos
24/03/2016;Andalucia
24/03/2016;Aragón
24/03/2016;Asturias
24/03/2016;Baleares
24/03/2016;Canarias
24/03/2016;Cantabria
24/03/2016;Castilla y León
24/03/2016;Castilla La Mancha
24/03/2016;Cataluña
24/03/2016;Ceuta
24/03/2016;País Vasco
24/03/2016;Extremadura
24/03/2016;Galicia
24/03/2016;Madrid
24/03/2016;Melilla
24/03/2016;Murcia
24/03/2016;Navarra
24/03/2016;Valencia
24/03/2016;La Rioja
25/03/2016;Festivos nacionales
28/03/2016;Andalucia
28/03/2016;Aragón
28/03/2016;Asturias
28/03/2016;Baleares
28/03/2016;Canarias
28/03/2016;Cantabria
28/03/2016;Castilla y León
28/03/2016;Castilla La Mancha
28/03/2016;Cataluña
28/03/2016;Ceuta
28/03/2016;País Vasco
28/03/2016;Extremadura
28/03/2016;Galicia
28/03/2016;Madrid
28/03/2016;Melilla
28/03/2016;Murcia
28/03/2016;Navarra
28/03/2016;Valencia
28/03/2016;La Rioja
23/04/2016;Andalucia
23/04/2016;Aragón
23/04/2016;Asturias
23/04/2016;Baleares
23/04/2016;Canarias
23/04/2016;Cantabria
23/04/2016;Castilla y León
23/04/2016;Castilla La Mancha
23/04/2016;Cataluña
23/04/2016;Ceuta
23/04/2016;País Vasco
23/04/2016;Extremadura
23/04/2016;Galicia
23/04/2016;Madrid
23/04/2016;Melilla
23/04/2016;Murcia
23/04/2016;Navarra
23/04/2016;Valencia
23/04/2016;La Rioja
02/05/2016;Festivos nacionales
15/05/2016;Andalucia
15/05/2016;Aragón
15/05/2016;Asturias
15/05/2016;Baleares
15/05/2016;Canarias
15/05/2016;Cantabria
15/05/2016;Castilla y León
15/05/2016;Castilla La Mancha
15/05/2016;Cataluña
15/05/2016;Ceuta
15/05/2016;País Vasco
15/05/2016;Extremadura
15/05/2016;Galicia
15/05/2016;Madrid
15/05/2016;Melilla
15/05/2016;Murcia
15/05/2016;Navarra
15/05/2016;Valencia
15/05/2016;La Rioja
16/05/2016;Andalucia
16/05/2016;Aragón
16/05/2016;Asturias
16/05/2016;Baleares
16/05/2016;Canarias
16/05/2016;Cantabria
16/05/2016;Castilla y León
16/05/2016;Castilla La Mancha
16/05/2016;Cataluña
16/05/2016;Ceuta
16/05/2016;País Vasco
16/05/2016;Extremadura
16/05/2016;Galicia
16/05/2016;Madrid
16/05/2016;Melilla
16/05/2016;Murcia
16/05/2016;Navarra
16/05/2016;Valencia
16/05/2016;La Rioja
17/05/2016;Andalucia
17/05/2016;Aragón
17/05/2016;Asturias
17/05/2016;Baleares
17/05/2016;Canarias
17/05/2016;Cantabria
17/05/2016;Castilla y León
17/05/2016;Castilla La Mancha
17/05/2016;Cataluña
17/05/2016;Ceuta
17/05/2016;País Vasco
17/05/2016;Extremadura
17/05/2016;Galicia
17/05/2016;Madrid
17/05/2016;Melilla
17/05/2016;Murcia
17/05/2016;Navarra
17/05/2016;Valencia
17/05/2016;La Rioja
26/05/2016;Andalucia
26/05/2016;Aragón
26/05/2016;Asturias
26/05/2016;Baleares
26/05/2016;Canarias
26/05/2016;Cantabria
26/05/2016;Castilla y León
26/05/2016;Castilla La Mancha
26/05/2016;Cataluña
26/05/2016;Ceuta
26/05/2016;País Vasco
26/05/2016;Extremadura
26/05/2016;Galicia
26/05/2016;Madrid
26/05/2016;Melilla
26/05/2016;Murcia
26/05/2016;Navarra
26/05/2016;Valencia
26/05/2016;La Rioja
30/05/2016;Andalucia
30/05/2016;Aragón
30/05/2016;Asturias
30/05/2016;Baleares
30/05/2016;Canarias
30/05/2016;Cantabria
30/05/2016;Castilla y León
30/05/2016;Castilla La Mancha
30/05/2016;Cataluña
30/05/2016;Ceuta
30/05/2016;País Vasco
30/05/2016;Extremadura
30/05/2016;Galicia
30/05/2016;Madrid
30/05/2016;Melilla
30/05/2016;Murcia
30/05/2016;Navarra
30/05/2016;Valencia
30/05/2016;La Rioja
31/05/2016;Andalucia
31/05/2016;Aragón
31/05/2016;Asturias
31/05/2016;Baleares
31/05/2016;Canarias
31/05/2016;Cantabria
31/05/2016;Castilla y León
31/05/2016;Castilla La Mancha
31/05/2016;Cataluña
31/05/2016;Ceuta
31/05/2016;País Vasco
31/05/2016;Extremadura
31/05/2016;Galicia
31/05/2016;Madrid
31/05/2016;Melilla
31/05/2016;Murcia
31/05/2016;Navarra
31/05/2016;Valencia
31/05/2016;La Rioja
09/06/2016;Andalucia
09/06/2016;Aragón
09/06/2016;Asturias
09/06/2016;Baleares
09/06/2016;Canarias
09/06/2016;Cantabria
09/06/2016;Castilla y León
09/06/2016;Castilla La Mancha
09/06/2016;Cataluña
09/06/2016;Ceuta
09/06/2016;País Vasco
09/06/2016;Extremadura
09/06/2016;Galicia
09/06/2016;Madrid
09/06/2016;Melilla
09/06/2016;Murcia
09/06/2016;Navarra
09/06/2016;Valencia
09/06/2016;La Rioja
24/06/2016;Andalucia
24/06/2016;Aragón
24/06/2016;Asturias
24/06/2016;Baleares
24/06/2016;Canarias
24/06/2016;Cantabria
24/06/2016;Castilla y León
24/06/2016;Castilla La Mancha
24/06/2016;Cataluña
24/06/2016;Ceuta
24/06/2016;País Vasco
24/06/2016;Extremadura
24/06/2016;Galicia
24/06/2016;Madrid
24/06/2016;Melilla
24/06/2016;Murcia
24/06/2016;Navarra
24/06/2016;Valencia
24/06/2016;La Rioja
25/07/2016;Andalucia
25/07/2016;Aragón
25/07/2016;Asturias
25/07/2016;Baleares
25/07/2016;Canarias
25/07/2016;Cantabria
25/07/2016;Castilla y León
25/07/2016;Castilla La Mancha
25/07/2016;Cataluña
25/07/2016;Ceuta
25/07/2016;País Vasco
25/07/2016;Extremadura
25/07/2016;Galicia
25/07/2016;Madrid
25/07/2016;Melilla
25/07/2016;Murcia
25/07/2016;Navarra
25/07/2016;Valencia
25/07/2016;La Rioja
28/07/2016;Andalucia
28/07/2016;Aragón
28/07/2016;Asturias
28/07/2016;Baleares
28/07/2016;Canarias
28/07/2016;Cantabria
28/07/2016;Castilla y León
28/07/2016;Castilla La Mancha
28/07/2016;Cataluña
28/07/2016;Ceuta
28/07/2016;País Vasco
28/07/2016;Extremadura
28/07/2016;Galicia
28/07/2016;Madrid
28/07/2016;Melilla
28/07/2016;Murcia
28/07/2016;Navarra
28/07/2016;Valencia
28/07/2016;La Rioja
15/08/2016;Festivos nacionales
08/09/2016;Andalucia
08/09/2016;Aragón
08/09/2016;Asturias
08/09/2016;Baleares
08/09/2016;Canarias
08/09/2016;Cantabria
08/09/2016;Castilla y León
08/09/2016;Castilla La Mancha
08/09/2016;Cataluña
08/09/2016;Ceuta
08/09/2016;País Vasco
08/09/2016;Extremadura
08/09/2016;Galicia
08/09/2016;Madrid
08/09/2016;Melilla
08/09/2016;Murcia
08/09/2016;Navarra
08/09/2016;Valencia
08/09/2016;La Rioja
11/09/2016;Andalucia
11/09/2016;Aragón
11/09/2016;Asturias
11/09/2016;Baleares
11/09/2016;Canarias
11/09/2016;Cantabria
11/09/2016;Castilla y León
11/09/2016;Castilla La Mancha
11/09/2016;Cataluña
11/09/2016;Ceuta
11/09/2016;País Vasco
11/09/2016;Extremadura
11/09/2016;Galicia
11/09/2016;Madrid
11/09/2016;Melilla
11/09/2016;Murcia
11/09/2016;Navarra
11/09/2016;Valencia
11/09/2016;La Rioja
15/09/2016;Andalucia
15/09/2016;Aragón
15/09/2016;Asturias
15/09/2016;Baleares
15/09/2016;Canarias
15/09/2016;Cantabria
15/09/2016;Castilla y León
15/09/2016;Castilla La Mancha
15/09/2016;Cataluña
15/09/2016;Ceuta
15/09/2016;País Vasco
15/09/2016;Extremadura
15/09/2016;Galicia
15/09/2016;Madrid
15/09/2016;Melilla
15/09/2016;Murcia
15/09/2016;Navarra
15/09/2016;Valencia
15/09/2016;La Rioja
09/10/2016;Andalucia
09/10/2016;Aragón
09/10/2016;Asturias
09/10/2016;Baleares
09/10/2016;Canarias
09/10/2016;Cantabria
09/10/2016;Castilla y León
09/10/2016;Castilla La Mancha
09/10/2016;Cataluña
09/10/2016;Ceuta
09/10/2016;País Vasco
09/10/2016;Extremadura
09/10/2016;Galicia
09/10/2016;Madrid
09/10/2016;Melilla
09/10/2016;Murcia
09/10/2016;Navarra
09/10/2016;Valencia
09/10/2016;La Rioja
12/10/2016;Festivos nacionales
25/10/2016;Andalucia
25/10/2016;Aragón
25/10/2016;Asturias
25/10/2016;Baleares
25/10/2016;Canarias
25/10/2016;Cantabria
25/10/2016;Castilla y León
25/10/2016;Castilla La Mancha
25/10/2016;Cataluña
25/10/2016;Ceuta
25/10/2016;País Vasco
25/10/2016;Extremadura
25/10/2016;Galicia
25/10/2016;Madrid
25/10/2016;Melilla
25/10/2016;Murcia
25/10/2016;Navarra
25/10/2016;Valencia
25/10/2016;La Rioja
01/11/2016;Festivos nacionales
09/11/2016;Andalucia
09/11/2016;Aragón
09/11/2016;Asturias
09/11/2016;Baleares
09/11/2016;Canarias
09/11/2016;Cantabria
09/11/2016;Castilla y León
09/11/2016;Castilla La Mancha
09/11/2016;Cataluña
09/11/2016;Ceuta
09/11/2016;País Vasco
09/11/2016;Extremadura
09/11/2016;Galicia
09/11/2016;Madrid
09/11/2016;Melilla
09/11/2016;Murcia
09/11/2016;Navarra
09/11/2016;Valencia
09/11/2016;La Rioja
03/12/2016;Andalucia
03/12/2016;Aragón
03/12/2016;Asturias
03/12/2016;Baleares
03/12/2016;Canarias
03/12/2016;Cantabria
03/12/2016;Castilla y León
03/12/2016;Castilla La Mancha
03/12/2016;Cataluña
03/12/2016;Ceuta
03/12/2016;País Vasco
03/12/2016;Extremadura
03/12/2016;Galicia
03/12/2016;Madrid
03/12/2016;Melilla
03/12/2016;Murcia
03/12/2016;Navarra
03/12/2016;Valencia
03/12/2016;La Rioja
06/12/2016;Festivos nacionales
07/12/2016;Día Entre Festivos
08/12/2016;Festivos nacionales
24/12/2016;Nochebuena
26/12/2016;Festivos nacionales
31/12/2016;Nochevieja
01/01/2017;Festivos nacionales
06/01/2017;Festivos nacionales
28/02/2017;Andalucia
28/02/2017;Aragón
28/02/2017;Asturias
28/02/2017;Baleares
28/02/2017;Canarias
28/02/2017;Cantabria
28/02/2017;Castilla y León
28/02/2017;Castilla La Mancha
28/02/2017;Cataluña
28/02/2017;Ceuta
28/02/2017;País Vasco
28/02/2017;Extremadura
28/02/2017;Galicia
28/02/2017;Madrid
28/02/2017;Melilla
28/02/2017;Murcia
28/02/2017;Navarra
28/02/2017;Valencia
28/02/2017;La Rioja
01/03/2017;Andalucia
01/03/2017;Aragón
01/03/2017;Asturias
01/03/2017;Baleares
01/03/2017;Canarias
01/03/2017;Cantabria
01/03/2017;Castilla y León
01/03/2017;Castilla La Mancha
01/03/2017;Cataluña
01/03/2017;Ceuta
01/03/2017;País Vasco
01/03/2017;Extremadura
01/03/2017;Galicia
01/03/2017;Madrid
01/03/2017;Melilla
01/03/2017;Murcia
01/03/2017;Navarra
01/03/2017;Valencia
01/03/2017;La Rioja
19/03/2017;Andalucia
19/03/2017;Aragón
19/03/2017;Asturias
19/03/2017;Baleares
19/03/2017;Canarias
19/03/2017;Cantabria
19/03/2017;Castilla y León
19/03/2017;Castilla La Mancha
19/03/2017;Cataluña
19/03/2017;Ceuta
19/03/2017;País Vasco
19/03/2017;Extremadura
19/03/2017;Galicia
19/03/2017;Madrid
19/03/2017;Melilla
19/03/2017;Murcia
19/03/2017;Navarra
19/03/2017;Valencia
19/03/2017;La Rioja
10/04/2017;Día Entre Festivos
11/04/2017;Día Entre Festivos
12/04/2017;Día Entre Festivos
13/04/2017;Andalucia
13/04/2017;Aragón
13/04/2017;Asturias
13/04/2017;Baleares
13/04/2017;Canarias
13/04/2017;Cantabria
13/04/2017;Castilla y León
13/04/2017;Castilla La Mancha
13/04/2017;Cataluña
13/04/2017;Ceuta
13/04/2017;País Vasco
13/04/2017;Extremadura
13/04/2017;Galicia
13/04/2017;Madrid
13/04/2017;Melilla
13/04/2017;Murcia
13/04/2017;Navarra
13/04/2017;Valencia
13/04/2017;La Rioja
14/04/2017;Festivos nacionales
17/04/2017;Andalucia
17/04/2017;Aragón
17/04/2017;Asturias
17/04/2017;Baleares
17/04/2017;Canarias
17/04/2017;Cantabria
17/04/2017;Castilla y León
17/04/2017;Castilla La Mancha
17/04/2017;Cataluña
17/04/2017;Ceuta
17/04/2017;País Vasco
17/04/2017;Extremadura
17/04/2017;Galicia
17/04/2017;Madrid
17/04/2017;Melilla
17/04/2017;Murcia
17/04/2017;Navarra
17/04/2017;Valencia
17/04/2017;La Rioja
23/04/2017;Andalucia
23/04/2017;Aragón
23/04/2017;Asturias
23/04/2017;Baleares
23/04/2017;Canarias
23/04/2017;Cantabria
23/04/2017;Castilla y León
23/04/2017;Castilla La Mancha
23/04/2017;Cataluña
23/04/2017;Ceuta
23/04/2017;País Vasco
23/04/2017;Extremadura
23/04/2017;Galicia
23/04/2017;Madrid
23/04/2017;Melilla
23/04/2017;Murcia
23/04/2017;Navarra
23/04/2017;Valencia
23/04/2017;La Rioja
01/05/2017;Festivos nacionales
02/05/2017;Andalucia
02/05/2017;Aragón
02/05/2017;Asturias
02/05/2017;Baleares
02/05/2017;Canarias
02/05/2017;Cantabria
02/05/2017;Castilla y León
02/05/2017;Castilla La Mancha
02/05/2017;Cataluña
02/05/2017;Ceuta
02/05/2017;País Vasco
02/05/2017;Extremadura
02/05/2017;Galicia
02/05/2017;Madrid
02/05/2017;Melilla
02/05/2017;Murcia
02/05/2017;Navarra
02/05/2017;Valencia
02/05/2017;La Rioja
15/05/2017;Andalucia
15/05/2017;Aragón
15/05/2017;Asturias
15/05/2017;Baleares
15/05/2017;Canarias
15/05/2017;Cantabria
15/05/2017;Castilla y León
15/05/2017;Castilla La Mancha
15/05/2017;Cataluña
15/05/2017;Ceuta
15/05/2017;País Vasco
15/05/2017;Extremadura
15/05/2017;Galicia
15/05/2017;Madrid
15/05/2017;Melilla
15/05/2017;Murcia
15/05/2017;Navarra
15/05/2017;Valencia
15/05/2017;La Rioja
17/05/2017;Andalucia
17/05/2017;Aragón
17/05/2017;Asturias
17/05/2017;Baleares
17/05/2017;Canarias
17/05/2017;Cantabria
17/05/2017;Castilla y León
17/05/2017;Castilla La Mancha
17/05/2017;Cataluña
17/05/2017;Ceuta
17/05/2017;País Vasco
17/05/2017;Extremadura
17/05/2017;Galicia
17/05/2017;Madrid
17/05/2017;Melilla
17/05/2017;Murcia
17/05/2017;Navarra
17/05/2017;Valencia
17/05/2017;La Rioja
30/05/2017;Andalucia
30/05/2017;Aragón
30/05/2017;Asturias
30/05/2017;Baleares
30/05/2017;Canarias
30/05/2017;Cantabria
30/05/2017;Castilla y León
30/05/2017;Castilla La Mancha
30/05/2017;Cataluña
30/05/2017;Ceuta
30/05/2017;País Vasco
30/05/2017;Extremadura
30/05/2017;Galicia
30/05/2017;Madrid
30/05/2017;Melilla
30/05/2017;Murcia
30/05/2017;Navarra
30/05/2017;Valencia
30/05/2017;La Rioja
31/05/2017;Andalucia
31/05/2017;Aragón
31/05/2017;Asturias
31/05/2017;Baleares
31/05/2017;Canarias
31/05/2017;Cantabria
31/05/2017;Castilla y León
31/05/2017;Castilla La Mancha
31/05/2017;Cataluña
31/05/2017;Ceuta
31/05/2017;País Vasco
31/05/2017;Extremadura
31/05/2017;Galicia
31/05/2017;Madrid
31/05/2017;Melilla
31/05/2017;Murcia
31/05/2017;Navarra
31/05/2017;Valencia
31/05/2017;La Rioja
05/06/2017;Andalucia
05/06/2017;Aragón
05/06/2017;Asturias
05/06/2017;Baleares
05/06/2017;Canarias
05/06/2017;Cantabria
05/06/2017;Castilla y León
05/06/2017;Castilla La Mancha
05/06/2017;Cataluña
05/06/2017;Ceuta
05/06/2017;País Vasco
05/06/2017;Extremadura
05/06/2017;Galicia
05/06/2017;Madrid
05/06/2017;Melilla
05/06/2017;Murcia
05/06/2017;Navarra
05/06/2017;Valencia
05/06/2017;La Rioja
09/06/2017;Andalucia
09/06/2017;Aragón
09/06/2017;Asturias
09/06/2017;Baleares
09/06/2017;Canarias
09/06/2017;Cantabria
09/06/2017;Castilla y León
09/06/2017;Castilla La Mancha
09/06/2017;Cataluña
09/06/2017;Ceuta
09/06/2017;País Vasco
09/06/2017;Extremadura
09/06/2017;Galicia
09/06/2017;Madrid
09/06/2017;Melilla
09/06/2017;Murcia
09/06/2017;Navarra
09/06/2017;Valencia
09/06/2017;La Rioja
15/06/2017;Andalucia
15/06/2017;Aragón
15/06/2017;Asturias
15/06/2017;Baleares
15/06/2017;Canarias
15/06/2017;Cantabria
15/06/2017;Castilla y León
15/06/2017;Castilla La Mancha
15/06/2017;Cataluña
15/06/2017;Ceuta
15/06/2017;País Vasco
15/06/2017;Extremadura
15/06/2017;Galicia
15/06/2017;Madrid
15/06/2017;Melilla
15/06/2017;Murcia
15/06/2017;Navarra
15/06/2017;Valencia
15/06/2017;La Rioja
24/06/2017;Andalucia
24/06/2017;Aragón
24/06/2017;Asturias
24/06/2017;Baleares
24/06/2017;Canarias
24/06/2017;Cantabria
24/06/2017;Castilla y León
24/06/2017;Castilla La Mancha
24/06/2017;Cataluña
24/06/2017;Ceuta
24/06/2017;País Vasco
24/06/2017;Extremadura
24/06/2017;Galicia
24/06/2017;Madrid
24/06/2017;Melilla
24/06/2017;Murcia
24/06/2017;Navarra
24/06/2017;Valencia
24/06/2017;La Rioja
25/07/2017;Andalucia
25/07/2017;Aragón
25/07/2017;Asturias
25/07/2017;Baleares
25/07/2017;Canarias
25/07/2017;Cantabria
25/07/2017;Castilla y León
25/07/2017;Castilla La Mancha
25/07/2017;Cataluña
25/07/2017;Ceuta
25/07/2017;País Vasco
25/07/2017;Extremadura
25/07/2017;Galicia
25/07/2017;Madrid
25/07/2017;Melilla
25/07/2017;Murcia
25/07/2017;Navarra
25/07/2017;Valencia
25/07/2017;La Rioja
28/07/2017;Andalucia
28/07/2017;Aragón
28/07/2017;Asturias
28/07/2017;Baleares
28/07/2017;Canarias
28/07/2017;Cantabria
28/07/2017;Castilla y León
28/07/2017;Castilla La Mancha
28/07/2017;Cataluña
28/07/2017;Ceuta
28/07/2017;País Vasco
28/07/2017;Extremadura
28/07/2017;Galicia
28/07/2017;Madrid
28/07/2017;Melilla
28/07/2017;Murcia
28/07/2017;Navarra
28/07/2017;Valencia
28/07/2017;La Rioja
15/08/2017;Festivos nacionales
08/09/2017;Andalucia
08/09/2017;Aragón
08/09/2017;Asturias
08/09/2017;Baleares
08/09/2017;Canarias
08/09/2017;Cantabria
08/09/2017;Castilla y León
08/09/2017;Castilla La Mancha
08/09/2017;Cataluña
08/09/2017;Ceuta
08/09/2017;País Vasco
08/09/2017;Extremadura
08/09/2017;Galicia
08/09/2017;Madrid
08/09/2017;Melilla
08/09/2017;Murcia
08/09/2017;Navarra
08/09/2017;Valencia
08/09/2017;La Rioja
11/09/2017;Andalucia
11/09/2017;Aragón
11/09/2017;Asturias
11/09/2017;Baleares
11/09/2017;Canarias
11/09/2017;Cantabria
11/09/2017;Castilla y León
11/09/2017;Castilla La Mancha
11/09/2017;Cataluña
11/09/2017;Ceuta
11/09/2017;País Vasco
11/09/2017;Extremadura
11/09/2017;Galicia
11/09/2017;Madrid
11/09/2017;Melilla
11/09/2017;Murcia
11/09/2017;Navarra
11/09/2017;Valencia
11/09/2017;La Rioja
15/09/2017;Andalucia
15/09/2017;Aragón
15/09/2017;Asturias
15/09/2017;Baleares
15/09/2017;Canarias
15/09/2017;Cantabria
15/09/2017;Castilla y León
15/09/2017;Castilla La Mancha
15/09/2017;Cataluña
15/09/2017;Ceuta
15/09/2017;País Vasco
15/09/2017;Extremadura
15/09/2017;Galicia
15/09/2017;Madrid
15/09/2017;Melilla
15/09/2017;Murcia
15/09/2017;Navarra
15/09/2017;Valencia
15/09/2017;La Rioja
09/10/2017;Andalucia
09/10/2017;Aragón
09/10/2017;Asturias
09/10/2017;Baleares
09/10/2017;Canarias
09/10/2017;Cantabria
09/10/2017;Castilla y León
09/10/2017;Castilla La Mancha
09/10/2017;Cataluña
09/10/2017;Ceuta
09/10/2017;País Vasco
09/10/2017;Extremadura
09/10/2017;Galicia
09/10/2017;Madrid
09/10/2017;Melilla
09/10/2017;Murcia
09/10/2017;Navarra
09/10/2017;Valencia
09/10/2017;La Rioja
12/10/2017;Festivos nacionales
25/10/2017;Andalucia
25/10/2017;Aragón
25/10/2017;Asturias
25/10/2017;Baleares
25/10/2017;Canarias
25/10/2017;Cantabria
25/10/2017;Castilla y León
25/10/2017;Castilla La Mancha
25/10/2017;Cataluña
25/10/2017;Ceuta
25/10/2017;País Vasco
25/10/2017;Extremadura
25/10/2017;Galicia
25/10/2017;Madrid
25/10/2017;Melilla
25/10/2017;Murcia
25/10/2017;Navarra
25/10/2017;Valencia
25/10/2017;La Rioja
01/11/2017;Festivos nacionales
09/11/2017;Andalucia
09/11/2017;Aragón
09/11/2017;Asturias
09/11/2017;Baleares
09/11/2017;Canarias
09/11/2017;Cantabria
09/11/2017;Castilla y León
09/11/2017;Castilla La Mancha
09/11/2017;Cataluña
09/11/2017;Ceuta
09/11/2017;País Vasco
09/11/2017;Extremadura
09/11/2017;Galicia
09/11/2017;Madrid
09/11/2017;Melilla
09/11/2017;Murcia
09/11/2017;Navarra
09/11/2017;Valencia
09/11/2017;La Rioja
03/12/2017;Andalucia
03/12/2017;Aragón
03/12/2017;Asturias
03/12/2017;Baleares
03/12/2017;Canarias
03/12/2017;Cantabria
03/12/2017;Castilla y León
03/12/2017;Castilla La Mancha
03/12/2017;Cataluña
03/12/2017;Ceuta
03/12/2017;País Vasco
03/12/2017;Extremadura
03/12/2017;Galicia
03/12/2017;Madrid
03/12/2017;Melilla
03/12/2017;Murcia
03/12/2017;Navarra
03/12/2017;Valencia
03/12/2017;La Rioja
06/12/2017;Festivos nacionales
07/12/2017;Día Entre Festivos
08/12/2017;Festivos nacionales
24/12/2017;Nochebuena
25/12/2017;Festivos nacionales
26/12/2017;Andalucia
26/12/2017;Aragón
26/12/2017;Asturias
26/12/2017;Baleares
26/12/2017;Canarias
26/12/2017;Cantabria
26/12/2017;Castilla y León
26/12/2017;Castilla La Mancha
26/12/2017;Cataluña
26/12/2017;Ceuta
26/12/2017;País Vasco
26/12/2017;Extremadura
26/12/2017;Galicia
26/12/2017;Madrid
26/12/2017;Melilla
26/12/2017;Murcia
26/12/2017;Navarra
26/12/2017;Valencia
26/12/2017;La Rioja
31/12/2017;Nochevieja
01/01/2018;Festivos nacionales
08/01/2018;Festivos nacionales
28/02/2018;Festivos nacionales
28/02/2018;Andalucia
28/02/2018;Aragón
28/02/2018;Asturias
28/02/2018;Baleares
28/02/2018;Canarias
28/02/2018;Cantabria
28/02/2018;Castilla y León
28/02/2018;Castilla La Mancha
28/02/2018;Ceuta
28/02/2018;Extremadura
28/02/2018;Galicia
28/02/2018;Madrid
28/02/2018;Melilla
28/02/2018;Navarra
28/02/2018;Valencia
28/02/2018;La Rioja
28/02/2018;Cataluña
28/02/2018;País Vasco
28/02/2018;Murcia
01/03/2018;Andalucia
01/03/2018;Festivos nacionales
01/03/2018;Aragón
01/03/2018;Asturias
01/03/2018;Baleares
01/03/2018;Canarias
01/03/2018;Cantabria
01/03/2018;Castilla y León
01/03/2018;Castilla La Mancha
01/03/2018;Ceuta
01/03/2018;Extremadura
01/03/2018;Galicia
01/03/2018;Madrid
01/03/2018;Melilla
01/03/2018;Navarra
01/03/2018;Valencia
01/03/2018;La Rioja
01/03/2018;Cataluña
01/03/2018;País Vasco
01/03/2018;Murcia
19/03/2018;Andalucia
19/03/2018;Festivos nacionales
19/03/2018;Aragón
19/03/2018;Asturias
19/03/2018;Baleares
19/03/2018;Canarias
19/03/2018;Cantabria
19/03/2018;Castilla y León
19/03/2018;Castilla La Mancha
19/03/2018;Ceuta
19/03/2018;Extremadura
19/03/2018;Galicia
19/03/2018;Madrid
19/03/2018;Melilla
19/03/2018;Navarra
19/03/2018;Valencia
19/03/2018;La Rioja
19/03/2018;Cataluña
19/03/2018;País Vasco
19/03/2018;Murcia
26/03/2018;Día Entre Festivos
27/03/2018;Día Entre Festivos
28/03/2018;Día Entre Festivos
29/03/2018;Festivos nacionales
29/03/2018;Andalucia
29/03/2018;Aragón
29/03/2018;Asturias
29/03/2018;Baleares
29/03/2018;Canarias
29/03/2018;Cantabria
29/03/2018;Castilla y León
29/03/2018;Castilla La Mancha
29/03/2018;Ceuta
29/03/2018;Extremadura
29/03/2018;Galicia
29/03/2018;Madrid
29/03/2018;Melilla
29/03/2018;Navarra
29/03/2018;Valencia
29/03/2018;La Rioja
29/03/2018;Cataluña
29/03/2018;País Vasco
29/03/2018;Murcia
30/03/2018;Festivos nacionales
02/04/2018;Cataluña
02/04/2018;Andalucia
02/04/2018;Festivos nacionales
02/04/2018;Aragón
02/04/2018;Asturias
02/04/2018;Baleares
02/04/2018;Canarias
02/04/2018;Cantabria
02/04/2018;Castilla y León
02/04/2018;Castilla La Mancha
02/04/2018;Ceuta
02/04/2018;Extremadura
02/04/2018;Galicia
02/04/2018;Madrid
02/04/2018;Melilla
02/04/2018;Navarra
02/04/2018;Valencia
02/04/2018;La Rioja
02/04/2018;País Vasco
02/04/2018;Murcia
23/04/2018;Andalucia
23/04/2018;Festivos nacionales
23/04/2018;Aragón
23/04/2018;Asturias
23/04/2018;Baleares
23/04/2018;Canarias
23/04/2018;Cantabria
23/04/2018;Castilla y León
23/04/2018;Castilla La Mancha
23/04/2018;Ceuta
23/04/2018;Extremadura
23/04/2018;Galicia
23/04/2018;Madrid
23/04/2018;Melilla
23/04/2018;Navarra
23/04/2018;Valencia
23/04/2018;La Rioja
23/04/2018;Cataluña
23/04/2018;País Vasco
23/04/2018;Murcia
01/05/2018;Festivos nacionales
02/05/2018;Andalucia
02/05/2018;Festivos nacionales
02/05/2018;Aragón
02/05/2018;Asturias
02/05/2018;Baleares
02/05/2018;Canarias
02/05/2018;Cantabria
02/05/2018;Castilla y León
02/05/2018;Castilla La Mancha
02/05/2018;Ceuta
02/05/2018;Extremadura
02/05/2018;Galicia
02/05/2018;Madrid
02/05/2018;Melilla
02/05/2018;Navarra
02/05/2018;Valencia
02/05/2018;La Rioja
02/05/2018;Cataluña
02/05/2018;País Vasco
02/05/2018;Murcia
15/05/2018;Andalucia
15/05/2018;Festivos nacionales
15/05/2018;Aragón
15/05/2018;Asturias
15/05/2018;Baleares
15/05/2018;Canarias
15/05/2018;Cantabria
15/05/2018;Castilla y León
15/05/2018;Castilla La Mancha
15/05/2018;Ceuta
15/05/2018;Extremadura
15/05/2018;Galicia
15/05/2018;Madrid
15/05/2018;Melilla
15/05/2018;Navarra
15/05/2018;Valencia
15/05/2018;La Rioja
15/05/2018;Cataluña
15/05/2018;País Vasco
15/05/2018;Murcia
17/05/2018;Andalucia
17/05/2018;Festivos nacionales
17/05/2018;Aragón
17/05/2018;Asturias
17/05/2018;Baleares
17/05/2018;Canarias
17/05/2018;Cantabria
17/05/2018;Castilla y León
17/05/2018;Castilla La Mancha
17/05/2018;Ceuta
17/05/2018;Extremadura
17/05/2018;Galicia
17/05/2018;Madrid
17/05/2018;Melilla
17/05/2018;Navarra
17/05/2018;Valencia
17/05/2018;La Rioja
17/05/2018;Cataluña
17/05/2018;País Vasco
17/05/2018;Murcia
21/05/2018;Andalucia
21/05/2018;Festivos nacionales
21/05/2018;Aragón
21/05/2018;Asturias
21/05/2018;Baleares
21/05/2018;Canarias
21/05/2018;Cantabria
21/05/2018;Castilla y León
21/05/2018;Castilla La Mancha
21/05/2018;Ceuta
21/05/2018;Extremadura
21/05/2018;Galicia
21/05/2018;Madrid
21/05/2018;Melilla
21/05/2018;Navarra
21/05/2018;Valencia
21/05/2018;La Rioja
21/05/2018;Cataluña
21/05/2018;País Vasco
21/05/2018;Murcia
30/05/2018;Andalucia
30/05/2018;Festivos nacionales
30/05/2018;Aragón
30/05/2018;Asturias
30/05/2018;Baleares
30/05/2018;Canarias
30/05/2018;Cantabria
30/05/2018;Castilla y León
30/05/2018;Castilla La Mancha
30/05/2018;Ceuta
30/05/2018;Extremadura
30/05/2018;Galicia
30/05/2018;Madrid
30/05/2018;Melilla
30/05/2018;Navarra
30/05/2018;Valencia
30/05/2018;La Rioja
30/05/2018;Cataluña
30/05/2018;País Vasco
30/05/2018;Murcia
31/05/2018;Andalucia
31/05/2018;Festivos nacionales
31/05/2018;Aragón
31/05/2018;Asturias
31/05/2018;Baleares
31/05/2018;Canarias
31/05/2018;Cantabria
31/05/2018;Castilla y León
31/05/2018;Castilla La Mancha
31/05/2018;Ceuta
31/05/2018;Extremadura
31/05/2018;Galicia
31/05/2018;Madrid
31/05/2018;Melilla
31/05/2018;Navarra
31/05/2018;Valencia
31/05/2018;La Rioja
31/05/2018;Cataluña
31/05/2018;País Vasco
31/05/2018;Murcia
11/06/2018;Andalucia
11/06/2018;Andalucia
11/06/2018;Festivos nacionales
11/06/2018;Aragón
11/06/2018;Asturias
11/06/2018;Baleares
11/06/2018;Canarias
11/06/2018;Cantabria
11/06/2018;Castilla y León
11/06/2018;Castilla La Mancha
11/06/2018;Ceuta
11/06/2018;Extremadura
11/06/2018;Galicia
11/06/2018;Madrid
11/06/2018;Melilla
11/06/2018;Navarra
11/06/2018;Valencia
11/06/2018;La Rioja
11/06/2018;Festivos nacionales
11/06/2018;Aragón
11/06/2018;Asturias
11/06/2018;Baleares
11/06/2018;Canarias
11/06/2018;Cantabria
11/06/2018;Castilla y León
11/06/2018;Castilla La Mancha
11/06/2018;Ceuta
11/06/2018;Extremadura
11/06/2018;Galicia
11/06/2018;Madrid
11/06/2018;Melilla
11/06/2018;Navarra
11/06/2018;Valencia
11/06/2018;La Rioja
11/06/2018;Cataluña
11/06/2018;Cataluña
11/06/2018;País Vasco
11/06/2018;País Vasco
11/06/2018;Murcia
11/06/2018;Murcia
24/06/2018;Cataluña
24/06/2018;Andalucia
24/06/2018;Festivos nacionales
24/06/2018;Aragón
24/06/2018;Asturias
24/06/2018;Baleares
24/06/2018;Canarias
24/06/2018;Cantabria
24/06/2018;Castilla y León
24/06/2018;Castilla La Mancha
24/06/2018;Ceuta
24/06/2018;Extremadura
24/06/2018;Galicia
24/06/2018;Madrid
24/06/2018;Melilla
24/06/2018;Navarra
24/06/2018;Valencia
24/06/2018;La Rioja
24/06/2018;País Vasco
24/06/2018;Murcia
25/07/2018;Andalucia
25/07/2018;Festivos nacionales
25/07/2018;Aragón
25/07/2018;Asturias
25/07/2018;Baleares
25/07/2018;Canarias
25/07/2018;Cantabria
25/07/2018;Castilla y León
25/07/2018;Castilla La Mancha
25/07/2018;Ceuta
25/07/2018;Extremadura
25/07/2018;Galicia
25/07/2018;Madrid
25/07/2018;Melilla
25/07/2018;Navarra
25/07/2018;Valencia
25/07/2018;La Rioja
25/07/2018;Cataluña
25/07/2018;País Vasco
25/07/2018;Murcia
28/07/2018;Andalucia
28/07/2018;Festivos nacionales
28/07/2018;Aragón
28/07/2018;Asturias
28/07/2018;Baleares
28/07/2018;Canarias
28/07/2018;Cantabria
28/07/2018;Castilla y León
28/07/2018;Castilla La Mancha
28/07/2018;Ceuta
28/07/2018;Extremadura
28/07/2018;Galicia
28/07/2018;Madrid
28/07/2018;Melilla
28/07/2018;Navarra
28/07/2018;Valencia
28/07/2018;La Rioja
28/07/2018;Cataluña
28/07/2018;País Vasco
28/07/2018;Murcia
15/08/2018;Festivos nacionales
10/09/2018;Andalucia
10/09/2018;Andalucia
10/09/2018;Festivos nacionales
10/09/2018;Aragón
10/09/2018;Asturias
10/09/2018;Baleares
10/09/2018;Canarias
10/09/2018;Cantabria
10/09/2018;Castilla y León
10/09/2018;Castilla La Mancha
10/09/2018;Ceuta
10/09/2018;Extremadura
10/09/2018;Galicia
10/09/2018;Madrid
10/09/2018;Melilla
10/09/2018;Navarra
10/09/2018;Valencia
10/09/2018;La Rioja
10/09/2018;Festivos nacionales
10/09/2018;Aragón
10/09/2018;Asturias
10/09/2018;Baleares
10/09/2018;Canarias
10/09/2018;Cantabria
10/09/2018;Castilla y León
10/09/2018;Castilla La Mancha
10/09/2018;Ceuta
10/09/2018;Extremadura
10/09/2018;Galicia
10/09/2018;Madrid
10/09/2018;Melilla
10/09/2018;Navarra
10/09/2018;Valencia
10/09/2018;La Rioja
10/09/2018;Cataluña
10/09/2018;Cataluña
10/09/2018;País Vasco
10/09/2018;País Vasco
10/09/2018;Murcia
10/09/2018;Murcia
11/09/2018;Cataluña
11/09/2018;Andalucia
11/09/2018;Festivos nacionales
11/09/2018;Aragón
11/09/2018;Asturias
11/09/2018;Baleares
11/09/2018;Canarias
11/09/2018;Cantabria
11/09/2018;Castilla y León
11/09/2018;Castilla La Mancha
11/09/2018;Ceuta
11/09/2018;Extremadura
11/09/2018;Galicia
11/09/2018;Madrid
11/09/2018;Melilla
11/09/2018;Navarra
11/09/2018;Valencia
11/09/2018;La Rioja
11/09/2018;País Vasco
11/09/2018;Murcia
15/09/2018;Andalucia
15/09/2018;Festivos nacionales
15/09/2018;Aragón
15/09/2018;Asturias
15/09/2018;Baleares
15/09/2018;Canarias
15/09/2018;Cantabria
15/09/2018;Castilla y León
15/09/2018;Castilla La Mancha
15/09/2018;Ceuta
15/09/2018;Extremadura
15/09/2018;Galicia
15/09/2018;Madrid
15/09/2018;Melilla
15/09/2018;Navarra
15/09/2018;Valencia
15/09/2018;La Rioja
15/09/2018;Cataluña
15/09/2018;País Vasco
15/09/2018;Murcia
09/10/2018;Andalucia
09/10/2018;Festivos nacionales
09/10/2018;Aragón
09/10/2018;Asturias
09/10/2018;Baleares
09/10/2018;Canarias
09/10/2018;Cantabria
09/10/2018;Castilla y León
09/10/2018;Castilla La Mancha
09/10/2018;Ceuta
09/10/2018;Extremadura
09/10/2018;Galicia
09/10/2018;Madrid
09/10/2018;Melilla
09/10/2018;Navarra
09/10/2018;Valencia
09/10/2018;La Rioja
09/10/2018;Cataluña
09/10/2018;País Vasco
09/10/2018;Murcia
12/10/2018;Festivos nacionales
25/10/2018;Andalucia
25/10/2018;Festivos nacionales
25/10/2018;Aragón
25/10/2018;Asturias
25/10/2018;Baleares
25/10/2018;Canarias
25/10/2018;Cantabria
25/10/2018;Castilla y León
25/10/2018;Castilla La Mancha
25/10/2018;Ceuta
25/10/2018;Extremadura
25/10/2018;Galicia
25/10/2018;Madrid
25/10/2018;Melilla
25/10/2018;Navarra
25/10/2018;Valencia
25/10/2018;La Rioja
25/10/2018;Cataluña
25/10/2018;País Vasco
25/10/2018;Murcia
01/11/2018;Festivos nacionales
09/11/2018;Andalucia
09/11/2018;Festivos nacionales
09/11/2018;Aragón
09/11/2018;Asturias
09/11/2018;Baleares
09/11/2018;Canarias
09/11/2018;Cantabria
09/11/2018;Castilla y León
09/11/2018;Castilla La Mancha
09/11/2018;Ceuta
09/11/2018;Extremadura
09/11/2018;Galicia
09/11/2018;Madrid
09/11/2018;Melilla
09/11/2018;Navarra
09/11/2018;Valencia
09/11/2018;La Rioja
09/11/2018;Cataluña
09/11/2018;País Vasco
09/11/2018;Murcia
03/12/2018;Andalucia
03/12/2018;Festivos nacionales
03/12/2018;Aragón
03/12/2018;Asturias
03/12/2018;Baleares
03/12/2018;Canarias
03/12/2018;Cantabria
03/12/2018;Castilla y León
03/12/2018;Castilla La Mancha
03/12/2018;Ceuta
03/12/2018;Extremadura
03/12/2018;Galicia
03/12/2018;Madrid
03/12/2018;Melilla
03/12/2018;Navarra
03/12/2018;Valencia
03/12/2018;La Rioja
03/12/2018;Cataluña
03/12/2018;País Vasco
03/12/2018;Murcia
06/12/2018;Festivos nacionales
07/12/2018;Día Entre Festivos
10/12/2018;Festivos nacionales
24/12/2018;Nochebuena
25/12/2018;Festivos nacionales
26/12/2018;Cataluña
26/12/2018;Andalucia
26/12/2018;Festivos nacionales
26/12/2018;Aragón
26/12/2018;Asturias
26/12/2018;Baleares
26/12/2018;Canarias
26/12/2018;Cantabria
26/12/2018;Castilla y León
26/12/2018;Castilla La Mancha
26/12/2018;Ceuta
26/12/2018;Extremadura
26/12/2018;Galicia
26/12/2018;Madrid
26/12/2018;Melilla
26/12/2018;Navarra
26/12/2018;Valencia
26/12/2018;La Rioja
26/12/2018;País Vasco
26/12/2018;Murcia
31/12/2018;Nochevieja
01/01/2019;Festivos nacionales
07/01/2019;Festivos nacionales
28/02/2019;Festivos nacionales
28/02/2019;Andalucia
28/02/2019;Aragón
28/02/2019;Asturias
28/02/2019;Baleares
28/02/2019;Canarias
28/02/2019;Cantabria
28/02/2019;Castilla y León
28/02/2019;Castilla La Mancha
28/02/2019;Ceuta
28/02/2019;Extremadura
28/02/2019;Galicia
28/02/2019;Madrid
28/02/2019;Melilla
28/02/2019;Navarra
28/02/2019;Valencia
28/02/2019;La Rioja
28/02/2019;Cataluña
28/02/2019;País Vasco
28/02/2019;Murcia
01/03/2019;Andalucia
01/03/2019;Festivos nacionales
01/03/2019;Aragón
01/03/2019;Asturias
01/03/2019;Baleares
01/03/2019;Canarias
01/03/2019;Cantabria
01/03/2019;Castilla y León
01/03/2019;Castilla La Mancha
01/03/2019;Ceuta
01/03/2019;Extremadura
01/03/2019;Galicia
01/03/2019;Madrid
01/03/2019;Melilla
01/03/2019;Navarra
01/03/2019;Valencia
01/03/2019;La Rioja
01/03/2019;Cataluña
01/03/2019;País Vasco
01/03/2019;Murcia
19/03/2019;Andalucia
19/03/2019;Festivos nacionales
19/03/2019;Aragón
19/03/2019;Asturias
19/03/2019;Baleares
19/03/2019;Canarias
19/03/2019;Cantabria
19/03/2019;Castilla y León
19/03/2019;Castilla La Mancha
19/03/2019;Ceuta
19/03/2019;Extremadura
19/03/2019;Galicia
19/03/2019;Madrid
19/03/2019;Melilla
19/03/2019;Navarra
19/03/2019;Valencia
19/03/2019;La Rioja
19/03/2019;Cataluña
19/03/2019;País Vasco
19/03/2019;Murcia
15/04/2019;Día Entre Festivos
16/04/2019;Día Entre Festivos
17/04/2019;Día Entre Festivos
18/04/2019;Festivos nacionales
18/04/2019;Andalucia
18/04/2019;Aragón
18/04/2019;Asturias
18/04/2019;Baleares
18/04/2019;Canarias
18/04/2019;Cantabria
18/04/2019;Castilla y León
18/04/2019;Castilla La Mancha
18/04/2019;Ceuta
18/04/2019;Extremadura
18/04/2019;Galicia
18/04/2019;Madrid
18/04/2019;Melilla
18/04/2019;Navarra
18/04/2019;Valencia
18/04/2019;La Rioja
18/04/2019;Cataluña
18/04/2019;País Vasco
18/04/2019;Murcia
19/04/2019;Festivos nacionales
22/04/2019;Cataluña
22/04/2019;Andalucia
22/04/2019;Festivos nacionales
22/04/2019;Aragón
22/04/2019;Asturias
22/04/2019;Baleares
22/04/2019;Canarias
22/04/2019;Cantabria
22/04/2019;Castilla y León
22/04/2019;Castilla La Mancha
22/04/2019;Ceuta
22/04/2019;Extremadura
22/04/2019;Galicia
22/04/2019;Madrid
22/04/2019;Melilla
22/04/2019;Navarra
22/04/2019;Valencia
22/04/2019;La Rioja
22/04/2019;País Vasco
22/04/2019;Murcia
23/04/2019;Andalucia
23/04/2019;Festivos nacionales
23/04/2019;Aragón
23/04/2019;Asturias
23/04/2019;Baleares
23/04/2019;Canarias
23/04/2019;Cantabria
23/04/2019;Castilla y León
23/04/2019;Castilla La Mancha
23/04/2019;Ceuta
23/04/2019;Extremadura
23/04/2019;Galicia
23/04/2019;Madrid
23/04/2019;Melilla
23/04/2019;Navarra
23/04/2019;Valencia
23/04/2019;La Rioja
23/04/2019;Cataluña
23/04/2019;País Vasco
23/04/2019;Murcia
01/05/2019;Festivos nacionales
02/05/2019;Andalucia
02/05/2019;Festivos nacionales
02/05/2019;Aragón
02/05/2019;Asturias
02/05/2019;Baleares
02/05/2019;Canarias
02/05/2019;Cantabria
02/05/2019;Castilla y León
02/05/2019;Castilla La Mancha
02/05/2019;Ceuta
02/05/2019;Extremadura
02/05/2019;Galicia
02/05/2019;Madrid
02/05/2019;Melilla
02/05/2019;Navarra
02/05/2019;Valencia
02/05/2019;La Rioja
02/05/2019;Cataluña
02/05/2019;País Vasco
02/05/2019;Murcia
15/05/2019;Andalucia
15/05/2019;Festivos nacionales
15/05/2019;Aragón
15/05/2019;Asturias
15/05/2019;Baleares
15/05/2019;Canarias
15/05/2019;Cantabria
15/05/2019;Castilla y León
15/05/2019;Castilla La Mancha
15/05/2019;Ceuta
15/05/2019;Extremadura
15/05/2019;Galicia
15/05/2019;Madrid
15/05/2019;Melilla
15/05/2019;Navarra
15/05/2019;Valencia
15/05/2019;La Rioja
15/05/2019;Cataluña
15/05/2019;País Vasco
15/05/2019;Murcia
17/05/2019;Andalucia
17/05/2019;Festivos nacionales
17/05/2019;Aragón
17/05/2019;Asturias
17/05/2019;Baleares
17/05/2019;Canarias
17/05/2019;Cantabria
17/05/2019;Castilla y León
17/05/2019;Castilla La Mancha
17/05/2019;Ceuta
17/05/2019;Extremadura
17/05/2019;Galicia
17/05/2019;Madrid
17/05/2019;Melilla
17/05/2019;Navarra
17/05/2019;Valencia
17/05/2019;La Rioja
17/05/2019;Cataluña
17/05/2019;País Vasco
17/05/2019;Murcia
30/05/2019;Andalucia
30/05/2019;Festivos nacionales
30/05/2019;Aragón
30/05/2019;Asturias
30/05/2019;Baleares
30/05/2019;Canarias
30/05/2019;Cantabria
30/05/2019;Castilla y León
30/05/2019;Castilla La Mancha
30/05/2019;Ceuta
30/05/2019;Extremadura
30/05/2019;Galicia
30/05/2019;Madrid
30/05/2019;Melilla
30/05/2019;Navarra
30/05/2019;Valencia
30/05/2019;La Rioja
30/05/2019;Cataluña
30/05/2019;País Vasco
30/05/2019;Murcia
31/05/2019;Andalucia
31/05/2019;Festivos nacionales
31/05/2019;Aragón
31/05/2019;Asturias
31/05/2019;Baleares
31/05/2019;Canarias
31/05/2019;Cantabria
31/05/2019;Castilla y León
31/05/2019;Castilla La Mancha
31/05/2019;Ceuta
31/05/2019;Extremadura
31/05/2019;Galicia
31/05/2019;Madrid
31/05/2019;Melilla
31/05/2019;Navarra
31/05/2019;Valencia
31/05/2019;La Rioja
31/05/2019;Cataluña
31/05/2019;País Vasco
31/05/2019;Murcia
10/06/2019;Andalucia
10/06/2019;Andalucia
10/06/2019;Festivos nacionales
10/06/2019;Aragón
10/06/2019;Asturias
10/06/2019;Baleares
10/06/2019;Canarias
10/06/2019;Cantabria
10/06/2019;Castilla y León
10/06/2019;Castilla La Mancha
10/06/2019;Ceuta
10/06/2019;Extremadura
10/06/2019;Galicia
10/06/2019;Madrid
10/06/2019;Melilla
10/06/2019;Navarra
10/06/2019;Valencia
10/06/2019;La Rioja
10/06/2019;Festivos nacionales
10/06/2019;Aragón
10/06/2019;Asturias
10/06/2019;Baleares
10/06/2019;Canarias
10/06/2019;Cantabria
10/06/2019;Castilla y León
10/06/2019;Castilla La Mancha
10/06/2019;Ceuta
10/06/2019;Extremadura
10/06/2019;Galicia
10/06/2019;Madrid
10/06/2019;Melilla
10/06/2019;Navarra
10/06/2019;Valencia
10/06/2019;La Rioja
10/06/2019;Cataluña
10/06/2019;Cataluña
10/06/2019;País Vasco
10/06/2019;País Vasco
10/06/2019;Murcia
10/06/2019;Murcia
20/06/2019;Andalucia
20/06/2019;Festivos nacionales
20/06/2019;Aragón
20/06/2019;Asturias
20/06/2019;Baleares
20/06/2019;Canarias
20/06/2019;Cantabria
20/06/2019;Castilla y León
20/06/2019;Castilla La Mancha
20/06/2019;Ceuta
20/06/2019;Extremadura
20/06/2019;Galicia
20/06/2019;Madrid
20/06/2019;Melilla
20/06/2019;Navarra
20/06/2019;Valencia
20/06/2019;La Rioja
20/06/2019;Cataluña
20/06/2019;País Vasco
20/06/2019;Murcia
24/06/2019;Cataluña
24/06/2019;Andalucia
24/06/2019;Festivos nacionales
24/06/2019;Aragón
24/06/2019;Asturias
24/06/2019;Baleares
24/06/2019;Canarias
24/06/2019;Cantabria
24/06/2019;Castilla y León
24/06/2019;Castilla La Mancha
24/06/2019;Ceuta
24/06/2019;Extremadura
24/06/2019;Galicia
24/06/2019;Madrid
24/06/2019;Melilla
24/06/2019;Navarra
24/06/2019;Valencia
24/06/2019;La Rioja
24/06/2019;País Vasco
24/06/2019;Murcia
25/07/2019;Andalucia
25/07/2019;Festivos nacionales
25/07/2019;Aragón
25/07/2019;Asturias
25/07/2019;Baleares
25/07/2019;Canarias
25/07/2019;Cantabria
25/07/2019;Castilla y León
25/07/2019;Castilla La Mancha
25/07/2019;Ceuta
25/07/2019;Extremadura
25/07/2019;Galicia
25/07/2019;Madrid
25/07/2019;Melilla
25/07/2019;Navarra
25/07/2019;Valencia
25/07/2019;La Rioja
25/07/2019;Cataluña
25/07/2019;País Vasco
25/07/2019;Murcia
28/07/2019;Andalucia
28/07/2019;Festivos nacionales
28/07/2019;Aragón
28/07/2019;Asturias
28/07/2019;Baleares
28/07/2019;Canarias
28/07/2019;Cantabria
28/07/2019;Castilla y León
28/07/2019;Castilla La Mancha
28/07/2019;Ceuta
28/07/2019;Extremadura
28/07/2019;Galicia
28/07/2019;Madrid
28/07/2019;Melilla
28/07/2019;Navarra
28/07/2019;Valencia
28/07/2019;La Rioja
28/07/2019;Cataluña
28/07/2019;País Vasco
28/07/2019;Murcia
15/08/2019;Festivos nacionales
09/09/2019;Andalucia
09/09/2019;Andalucia
09/09/2019;Festivos nacionales
09/09/2019;Aragón
09/09/2019;Asturias
09/09/2019;Baleares
09/09/2019;Canarias
09/09/2019;Cantabria
09/09/2019;Castilla y León
09/09/2019;Castilla La Mancha
09/09/2019;Ceuta
09/09/2019;Extremadura
09/09/2019;Galicia
09/09/2019;Madrid
09/09/2019;Melilla
09/09/2019;Navarra
09/09/2019;Valencia
09/09/2019;La Rioja
09/09/2019;Festivos nacionales
09/09/2019;Aragón
09/09/2019;Asturias
09/09/2019;Baleares
09/09/2019;Canarias
09/09/2019;Cantabria
09/09/2019;Castilla y León
09/09/2019;Castilla La Mancha
09/09/2019;Ceuta
09/09/2019;Extremadura
09/09/2019;Galicia
09/09/2019;Madrid
09/09/2019;Melilla
09/09/2019;Navarra
09/09/2019;Valencia
09/09/2019;La Rioja
09/09/2019;Cataluña
09/09/2019;Cataluña
09/09/2019;País Vasco
09/09/2019;País Vasco
09/09/2019;Murcia
09/09/2019;Murcia
11/09/2019;Andalucia
11/09/2019;Cataluña
11/09/2019;Festivos nacionales
11/09/2019;Aragón
11/09/2019;Asturias
11/09/2019;Baleares
11/09/2019;Canarias
11/09/2019;Cantabria
11/09/2019;Castilla y León
11/09/2019;Castilla La Mancha
11/09/2019;Ceuta
11/09/2019;Extremadura
11/09/2019;Galicia
11/09/2019;Madrid
11/09/2019;Melilla
11/09/2019;Navarra
11/09/2019;Valencia
11/09/2019;La Rioja
11/09/2019;País Vasco
11/09/2019;Murcia
15/09/2019;Andalucia
15/09/2019;Festivos nacionales
15/09/2019;Aragón
15/09/2019;Asturias
15/09/2019;Baleares
15/09/2019;Canarias
15/09/2019;Cantabria
15/09/2019;Castilla y León
15/09/2019;Castilla La Mancha
15/09/2019;Ceuta
15/09/2019;Extremadura
15/09/2019;Galicia
15/09/2019;Madrid
15/09/2019;Melilla
15/09/2019;Navarra
15/09/2019;Valencia
15/09/2019;La Rioja
15/09/2019;Cataluña
15/09/2019;País Vasco
15/09/2019;Murcia
09/10/2019;Andalucia
09/10/2019;Festivos nacionales
09/10/2019;Aragón
09/10/2019;Asturias
09/10/2019;Baleares
09/10/2019;Canarias
09/10/2019;Cantabria
09/10/2019;Castilla y León
09/10/2019;Castilla La Mancha
09/10/2019;Ceuta
09/10/2019;Extremadura
09/10/2019;Galicia
09/10/2019;Madrid
09/10/2019;Melilla
09/10/2019;Navarra
09/10/2019;Valencia
09/10/2019;La Rioja
09/10/2019;Cataluña
09/10/2019;País Vasco
09/10/2019;Murcia
12/10/2019;Festivos nacionales
25/10/2019;Andalucia
25/10/2019;Festivos nacionales
25/10/2019;Aragón
25/10/2019;Asturias
25/10/2019;Baleares
25/10/2019;Canarias
25/10/2019;Cantabria
25/10/2019;Castilla y León
25/10/2019;Castilla La Mancha
25/10/2019;Ceuta
25/10/2019;Extremadura
25/10/2019;Galicia
25/10/2019;Madrid
25/10/2019;Melilla
25/10/2019;Navarra
25/10/2019;Valencia
25/10/2019;La Rioja
25/10/2019;Cataluña
25/10/2019;País Vasco
25/10/2019;Murcia
01/11/2019;Festivos nacionales
09/11/2019;Andalucia
09/11/2019;Festivos nacionales
09/11/2019;Aragón
09/11/2019;Asturias
09/11/2019;Baleares
09/11/2019;Canarias
09/11/2019;Cantabria
09/11/2019;Castilla y León
09/11/2019;Castilla La Mancha
09/11/2019;Ceuta
09/11/2019;Extremadura
09/11/2019;Galicia
09/11/2019;Madrid
09/11/2019;Melilla
09/11/2019;Navarra
09/11/2019;Valencia
09/11/2019;La Rioja
09/11/2019;Cataluña
09/11/2019;País Vasco
09/11/2019;Murcia
03/12/2019;Andalucia
03/12/2019;Festivos nacionales
03/12/2019;Aragón
03/12/2019;Asturias
03/12/2019;Baleares
03/12/2019;Canarias
03/12/2019;Cantabria
03/12/2019;Castilla y León
03/12/2019;Castilla La Mancha
03/12/2019;Ceuta
03/12/2019;Extremadura
03/12/2019;Galicia
03/12/2019;Madrid
03/12/2019;Melilla
03/12/2019;Navarra
03/12/2019;Valencia
03/12/2019;La Rioja
03/12/2019;Cataluña
03/12/2019;País Vasco
03/12/2019;Murcia
06/12/2019;Festivos nacionales
07/12/2019;Día Entre Festivos
09/12/2019;Festivos nacionales
24/12/2019;Nochebuena
25/12/2019;Festivos nacionales
26/12/2019;Andalucia
26/12/2019;Cataluña
26/12/2019;Festivos nacionales
26/12/2019;Aragón
26/12/2019;Asturias
26/12/2019;Baleares
26/12/2019;Canarias
26/12/2019;Cantabria
26/12/2019;Castilla y León
26/12/2019;Castilla La Mancha
26/12/2019;Ceuta
26/12/2019;Extremadura
26/12/2019;Galicia
26/12/2019;Madrid
26/12/2019;Melilla
26/12/2019;Navarra
26/12/2019;Valencia
26/12/2019;La Rioja
26/12/2019;País Vasco
26/12/2019;Murcia
31/12/2019;Nochevieja
01/01/2020;Festivos nacionales
06/01/2020;Festivos nacionales
28/02/2020;Cataluña
28/02/2020;Festivos nacionales
28/02/2020;Andalucia
28/02/2020;Aragón
28/02/2020;Asturias
28/02/2020;Baleares
28/02/2020;Canarias
28/02/2020;Cantabria
28/02/2020;Castilla y León
28/02/2020;Castilla La Mancha
28/02/2020;Ceuta
28/02/2020;Extremadura
28/02/2020;Galicia
28/02/2020;Madrid
28/02/2020;Melilla
28/02/2020;Navarra
28/02/2020;Valencia
28/02/2020;La Rioja
28/02/2020;País Vasco
28/02/2020;Murcia
01/03/2020;Andalucia
01/03/2020;Cataluña
01/03/2020;Festivos nacionales
01/03/2020;Aragón
01/03/2020;Asturias
01/03/2020;Baleares
01/03/2020;Canarias
01/03/2020;Cantabria
01/03/2020;Castilla y León
01/03/2020;Castilla La Mancha
01/03/2020;Ceuta
01/03/2020;Extremadura
01/03/2020;Galicia
01/03/2020;Madrid
01/03/2020;Melilla
01/03/2020;Navarra
01/03/2020;Valencia
01/03/2020;La Rioja
01/03/2020;País Vasco
01/03/2020;Murcia
19/03/2020;Andalucia
19/03/2020;Cataluña
19/03/2020;Festivos nacionales
19/03/2020;Aragón
19/03/2020;Asturias
19/03/2020;Baleares
19/03/2020;Canarias
19/03/2020;Cantabria
19/03/2020;Castilla y León
19/03/2020;Castilla La Mancha
19/03/2020;Ceuta
19/03/2020;Extremadura
19/03/2020;Galicia
19/03/2020;Madrid
19/03/2020;Melilla
19/03/2020;Navarra
19/03/2020;Valencia
19/03/2020;La Rioja
19/03/2020;País Vasco
19/03/2020;Murcia
06/04/2020;Día Entre Festivos
07/04/2020;Día Entre Festivos
08/04/2020;Día Entre Festivos
09/04/2020;Cataluña
09/04/2020;Festivos nacionales
09/04/2020;Andalucia
09/04/2020;Aragón
09/04/2020;Asturias
09/04/2020;Baleares
09/04/2020;Canarias
09/04/2020;Cantabria
09/04/2020;Castilla y León
09/04/2020;Castilla La Mancha
09/04/2020;Ceuta
09/04/2020;Extremadura
09/04/2020;Galicia
09/04/2020;Madrid
09/04/2020;Melilla
09/04/2020;Navarra
09/04/2020;Valencia
09/04/2020;La Rioja
09/04/2020;País Vasco
09/04/2020;Murcia
10/04/2020;Festivos nacionales
13/04/2020;Andalucia
13/04/2020;Cataluña
13/04/2020;Festivos nacionales
13/04/2020;Aragón
13/04/2020;Asturias
13/04/2020;Baleares
13/04/2020;Canarias
13/04/2020;Cantabria
13/04/2020;Castilla y León
13/04/2020;Castilla La Mancha
13/04/2020;Ceuta
13/04/2020;Extremadura
13/04/2020;Galicia
13/04/2020;Madrid
13/04/2020;Melilla
13/04/2020;Navarra
13/04/2020;Valencia
13/04/2020;La Rioja
13/04/2020;País Vasco
13/04/2020;Murcia
23/04/2020;Andalucia
23/04/2020;Cataluña
23/04/2020;Festivos nacionales
23/04/2020;Aragón
23/04/2020;Asturias
23/04/2020;Baleares
23/04/2020;Canarias
23/04/2020;Cantabria
23/04/2020;Castilla y León
23/04/2020;Castilla La Mancha
23/04/2020;Ceuta
23/04/2020;Extremadura
23/04/2020;Galicia
23/04/2020;Madrid
23/04/2020;Melilla
23/04/2020;Navarra
23/04/2020;Valencia
23/04/2020;La Rioja
23/04/2020;País Vasco
23/04/2020;Murcia
01/05/2020;Festivos nacionales
02/05/2020;Andalucia
02/05/2020;Cataluña
02/05/2020;Festivos nacionales
02/05/2020;Aragón
02/05/2020;Asturias
02/05/2020;Baleares
02/05/2020;Canarias
02/05/2020;Cantabria
02/05/2020;Castilla y León
02/05/2020;Castilla La Mancha
02/05/2020;Ceuta
02/05/2020;Extremadura
02/05/2020;Galicia
02/05/2020;Madrid
02/05/2020;Melilla
02/05/2020;Navarra
02/05/2020;Valencia
02/05/2020;La Rioja
02/05/2020;País Vasco
02/05/2020;Murcia
15/05/2020;Andalucia
15/05/2020;Cataluña
15/05/2020;Festivos nacionales
15/05/2020;Aragón
15/05/2020;Asturias
15/05/2020;Baleares
15/05/2020;Canarias
15/05/2020;Cantabria
15/05/2020;Castilla y León
15/05/2020;Castilla La Mancha
15/05/2020;Ceuta
15/05/2020;Extremadura
15/05/2020;Galicia
15/05/2020;Madrid
15/05/2020;Melilla
15/05/2020;Navarra
15/05/2020;Valencia
15/05/2020;La Rioja
15/05/2020;País Vasco
15/05/2020;Murcia
17/05/2020;Andalucia
17/05/2020;Cataluña
17/05/2020;Festivos nacionales
17/05/2020;Aragón
17/05/2020;Asturias
17/05/2020;Baleares
17/05/2020;Canarias
17/05/2020;Cantabria
17/05/2020;Castilla y León
17/05/2020;Castilla La Mancha
17/05/2020;Ceuta
17/05/2020;Extremadura
17/05/2020;Galicia
17/05/2020;Madrid
17/05/2020;Melilla
17/05/2020;Navarra
17/05/2020;Valencia
17/05/2020;La Rioja
17/05/2020;País Vasco
17/05/2020;Murcia
30/05/2020;Andalucia
30/05/2020;Cataluña
30/05/2020;Festivos nacionales
30/05/2020;Aragón
30/05/2020;Asturias
30/05/2020;Baleares
30/05/2020;Canarias
30/05/2020;Cantabria
30/05/2020;Castilla y León
30/05/2020;Castilla La Mancha
30/05/2020;Ceuta
30/05/2020;Extremadura
30/05/2020;Galicia
30/05/2020;Madrid
30/05/2020;Melilla
30/05/2020;Navarra
30/05/2020;Valencia
30/05/2020;La Rioja
30/05/2020;País Vasco
30/05/2020;Murcia
31/05/2020;Andalucia
31/05/2020;Cataluña
31/05/2020;Festivos nacionales
31/05/2020;Aragón
31/05/2020;Asturias
31/05/2020;Baleares
31/05/2020;Canarias
31/05/2020;Cantabria
31/05/2020;Castilla y León
31/05/2020;Castilla La Mancha
31/05/2020;Ceuta
31/05/2020;Extremadura
31/05/2020;Galicia
31/05/2020;Madrid
31/05/2020;Melilla
31/05/2020;Navarra
31/05/2020;Valencia
31/05/2020;La Rioja
31/05/2020;País Vasco
31/05/2020;Murcia
01/06/2020;Andalucia
01/06/2020;Cataluña
01/06/2020;Festivos nacionales
01/06/2020;Aragón
01/06/2020;Asturias
01/06/2020;Baleares
01/06/2020;Canarias
01/06/2020;Cantabria
01/06/2020;Castilla y León
01/06/2020;Castilla La Mancha
01/06/2020;Ceuta
01/06/2020;Extremadura
01/06/2020;Galicia
01/06/2020;Madrid
01/06/2020;Melilla
01/06/2020;Navarra
01/06/2020;Valencia
01/06/2020;La Rioja
01/06/2020;País Vasco
01/06/2020;Murcia
09/06/2020;Andalucia
09/06/2020;Cataluña
09/06/2020;Festivos nacionales
09/06/2020;Aragón
09/06/2020;Asturias
09/06/2020;Baleares
09/06/2020;Canarias
09/06/2020;Cantabria
09/06/2020;Castilla y León
09/06/2020;Castilla La Mancha
09/06/2020;Ceuta
09/06/2020;Extremadura
09/06/2020;Galicia
09/06/2020;Madrid
09/06/2020;Melilla
09/06/2020;Navarra
09/06/2020;Valencia
09/06/2020;La Rioja
09/06/2020;País Vasco
09/06/2020;Murcia
11/06/2020;Andalucia
11/06/2020;Cataluña
11/06/2020;Festivos nacionales
11/06/2020;Aragón
11/06/2020;Asturias
11/06/2020;Baleares
11/06/2020;Canarias
11/06/2020;Cantabria
11/06/2020;Castilla y León
11/06/2020;Castilla La Mancha
11/06/2020;Ceuta
11/06/2020;Extremadura
11/06/2020;Galicia
11/06/2020;Madrid
11/06/2020;Melilla
11/06/2020;Navarra
11/06/2020;Valencia
11/06/2020;La Rioja
11/06/2020;País Vasco
11/06/2020;Murcia
24/06/2020;Andalucia
24/06/2020;Cataluña
24/06/2020;Festivos nacionales
24/06/2020;Aragón
24/06/2020;Asturias
24/06/2020;Baleares
24/06/2020;Canarias
24/06/2020;Cantabria
24/06/2020;Castilla y León
24/06/2020;Castilla La Mancha
24/06/2020;Ceuta
24/06/2020;Extremadura
24/06/2020;Galicia
24/06/2020;Madrid
24/06/2020;Melilla
24/06/2020;Navarra
24/06/2020;Valencia
24/06/2020;La Rioja
24/06/2020;País Vasco
24/06/2020;Murcia
25/07/2020;Andalucia
25/07/2020;Cataluña
25/07/2020;Festivos nacionales
25/07/2020;Aragón
25/07/2020;Asturias
25/07/2020;Baleares
25/07/2020;Canarias
25/07/2020;Cantabria
25/07/2020;Castilla y León
25/07/2020;Castilla La Mancha
25/07/2020;Ceuta
25/07/2020;Extremadura
25/07/2020;Galicia
25/07/2020;Madrid
25/07/2020;Melilla
25/07/2020;Navarra
25/07/2020;Valencia
25/07/2020;La Rioja
25/07/2020;País Vasco
25/07/2020;Murcia
28/07/2020;Andalucia
28/07/2020;Cataluña
28/07/2020;Festivos nacionales
28/07/2020;Aragón
28/07/2020;Asturias
28/07/2020;Baleares
28/07/2020;Canarias
28/07/2020;Cantabria
28/07/2020;Castilla y León
28/07/2020;Castilla La Mancha
28/07/2020;Ceuta
28/07/2020;Extremadura
28/07/2020;Galicia
28/07/2020;Madrid
28/07/2020;Melilla
28/07/2020;Navarra
28/07/2020;Valencia
28/07/2020;La Rioja
28/07/2020;País Vasco
28/07/2020;Murcia
15/08/2020;Festivos nacionales
08/09/2020;Andalucia
08/09/2020;Cataluña
08/09/2020;Festivos nacionales
08/09/2020;Aragón
08/09/2020;Asturias
08/09/2020;Baleares
08/09/2020;Canarias
08/09/2020;Cantabria
08/09/2020;Castilla y León
08/09/2020;Castilla La Mancha
08/09/2020;Ceuta
08/09/2020;Extremadura
08/09/2020;Galicia
08/09/2020;Madrid
08/09/2020;Melilla
08/09/2020;Navarra
08/09/2020;Valencia
08/09/2020;La Rioja
08/09/2020;País Vasco
08/09/2020;Murcia
11/09/2020;Andalucia
11/09/2020;Cataluña
11/09/2020;Festivos nacionales
11/09/2020;Aragón
11/09/2020;Asturias
11/09/2020;Baleares
11/09/2020;Canarias
11/09/2020;Cantabria
11/09/2020;Castilla y León
11/09/2020;Castilla La Mancha
11/09/2020;Ceuta
11/09/2020;Extremadura
11/09/2020;Galicia
11/09/2020;Madrid
11/09/2020;Melilla
11/09/2020;Navarra
11/09/2020;Valencia
11/09/2020;La Rioja
11/09/2020;País Vasco
11/09/2020;Murcia
15/09/2020;Andalucia
15/09/2020;Cataluña
15/09/2020;Festivos nacionales
15/09/2020;Aragón
15/09/2020;Asturias
15/09/2020;Baleares
15/09/2020;Canarias
15/09/2020;Cantabria
15/09/2020;Castilla y León
15/09/2020;Castilla La Mancha
15/09/2020;Ceuta
15/09/2020;Extremadura
15/09/2020;Galicia
15/09/2020;Madrid
15/09/2020;Melilla
15/09/2020;Navarra
15/09/2020;Valencia
15/09/2020;La Rioja
15/09/2020;País Vasco
15/09/2020;Murcia
09/10/2020;Andalucia
09/10/2020;Cataluña
09/10/2020;Festivos nacionales
09/10/2020;Aragón
09/10/2020;Asturias
09/10/2020;Baleares
09/10/2020;Canarias
09/10/2020;Cantabria
09/10/2020;Castilla y León
09/10/2020;Castilla La Mancha
09/10/2020;Ceuta
09/10/2020;Extremadura
09/10/2020;Galicia
09/10/2020;Madrid
09/10/2020;Melilla
09/10/2020;Navarra
09/10/2020;Valencia
09/10/2020;La Rioja
09/10/2020;País Vasco
09/10/2020;Murcia
12/10/2020;Festivos nacionales
25/10/2020;Andalucia
25/10/2020;Cataluña
25/10/2020;País Vasco
25/10/2020;Festivos nacionales
25/10/2020;Aragón
25/10/2020;Asturias
25/10/2020;Baleares
25/10/2020;Canarias
25/10/2020;Cantabria
25/10/2020;Castilla y León
25/10/2020;Castilla La Mancha
25/10/2020;Ceuta
25/10/2020;Extremadura
25/10/2020;Galicia
25/10/2020;Madrid
25/10/2020;Melilla
25/10/2020;Navarra
25/10/2020;Valencia
25/10/2020;La Rioja
25/10/2020;Murcia
02/11/2020;Festivos nacionales
02/11/2020;Festivos nacionales
09/11/2020;Andalucia
09/11/2020;Cataluña
09/11/2020;Festivos nacionales
09/11/2020;Aragón
09/11/2020;Asturias
09/11/2020;Baleares
09/11/2020;Canarias
09/11/2020;Cantabria
09/11/2020;Castilla y León
09/11/2020;Castilla La Mancha
09/11/2020;Ceuta
09/11/2020;Extremadura
09/11/2020;Galicia
09/11/2020;Madrid
09/11/2020;Melilla
09/11/2020;Navarra
09/11/2020;Valencia
09/11/2020;La Rioja
09/11/2020;País Vasco
09/11/2020;Murcia
03/12/2020;Andalucia
03/12/2020;Cataluña
03/12/2020;Festivos nacionales
03/12/2020;Aragón
03/12/2020;Asturias
03/12/2020;Baleares
03/12/2020;Canarias
03/12/2020;Cantabria
03/12/2020;Castilla y León
03/12/2020;Castilla La Mancha
03/12/2020;Ceuta
03/12/2020;Extremadura
03/12/2020;Galicia
03/12/2020;Madrid
03/12/2020;Melilla
03/12/2020;Navarra
03/12/2020;Valencia
03/12/2020;La Rioja
03/12/2020;País Vasco
03/12/2020;Murcia
07/12/2020;Festivos nacionales
07/12/2020;Festivos nacionales
08/12/2020;Festivos nacionales
24/12/2020;Nochebuena
25/12/2020;Festivos nacionales
26/12/2020;Andalucia
26/12/2020;Cataluña
26/12/2020;Festivos nacionales
26/12/2020;Aragón
26/12/2020;Asturias
26/12/2020;Baleares
26/12/2020;Canarias
26/12/2020;Cantabria
26/12/2020;Castilla y León
26/12/2020;Castilla La Mancha
26/12/2020;Ceuta
26/12/2020;Extremadura
26/12/2020;Galicia
26/12/2020;Madrid
26/12/2020;Melilla
26/12/2020;Navarra
26/12/2020;Valencia
26/12/2020;La Rioja
26/12/2020;País Vasco
26/12/2020;Murcia
31/12/2020;Nochevieja
01/01/2021;Festivos nacionales
06/01/2021;Festivos nacionales
28/02/2021;Cataluña
28/02/2021;Festivos nacionales
28/02/2021;Andalucia
28/02/2021;Aragón
28/02/2021;Asturias
28/02/2021;Baleares
28/02/2021;Canarias
28/02/2021;Cantabria
28/02/2021;Castilla y León
28/02/2021;Castilla La Mancha
28/02/2021;Ceuta
28/02/2021;Extremadura
28/02/2021;Galicia
28/02/2021;Madrid
28/02/2021;Melilla
28/02/2021;Navarra
28/02/2021;Valencia
28/02/2021;La Rioja
28/02/2021;País Vasco
28/02/2021;Murcia
01/03/2021;Andalucia
01/03/2021;Cataluña
01/03/2021;Festivos nacionales
01/03/2021;Aragón
01/03/2021;Asturias
01/03/2021;Baleares
01/03/2021;Canarias
01/03/2021;Cantabria
01/03/2021;Castilla y León
01/03/2021;Castilla La Mancha
01/03/2021;Ceuta
01/03/2021;Extremadura
01/03/2021;Galicia
01/03/2021;Madrid
01/03/2021;Melilla
01/03/2021;Navarra
01/03/2021;Valencia
01/03/2021;La Rioja
01/03/2021;País Vasco
01/03/2021;Murcia
19/03/2021;Andalucia
19/03/2021;Cataluña
19/03/2021;País Vasco
19/03/2021;Festivos nacionales
19/03/2021;Aragón
19/03/2021;Asturias
19/03/2021;Baleares
19/03/2021;Canarias
19/03/2021;Cantabria
19/03/2021;Castilla y León
19/03/2021;Castilla La Mancha
19/03/2021;Ceuta
19/03/2021;Extremadura
19/03/2021;Galicia
19/03/2021;Madrid
19/03/2021;Melilla
19/03/2021;Navarra
19/03/2021;Valencia
19/03/2021;La Rioja
19/03/2021;Murcia
29/03/2021;Día Entre Festivos
30/03/2021;Día Entre Festivos
31/03/2021;Día Entre Festivos
01/04/2021;Cataluña
01/04/2021;País Vasco
01/04/2021;Festivos nacionales
01/04/2021;Andalucia
01/04/2021;Aragón
01/04/2021;Asturias
01/04/2021;Baleares
01/04/2021;Canarias
01/04/2021;Cantabria
01/04/2021;Castilla y León
01/04/2021;Castilla La Mancha
01/04/2021;Ceuta
01/04/2021;Extremadura
01/04/2021;Galicia
01/04/2021;Madrid
01/04/2021;Melilla
01/04/2021;Navarra
01/04/2021;Valencia
01/04/2021;La Rioja
01/04/2021;Murcia
02/04/2021;Festivos nacionales
05/04/2021;Andalucia
05/04/2021;Cataluña
05/04/2021;País Vasco
05/04/2021;Festivos nacionales
05/04/2021;Aragón
05/04/2021;Asturias
05/04/2021;Baleares
05/04/2021;Canarias
05/04/2021;Cantabria
05/04/2021;Castilla y León
05/04/2021;Castilla La Mancha
05/04/2021;Ceuta
05/04/2021;Extremadura
05/04/2021;Galicia
05/04/2021;Madrid
05/04/2021;Melilla
05/04/2021;Navarra
05/04/2021;Valencia
05/04/2021;La Rioja
05/04/2021;Murcia
23/04/2021;Andalucia
23/04/2021;Cataluña
23/04/2021;Festivos nacionales
23/04/2021;Aragón
23/04/2021;Asturias
23/04/2021;Baleares
23/04/2021;Canarias
23/04/2021;Cantabria
23/04/2021;Castilla y León
23/04/2021;Castilla La Mancha
23/04/2021;Ceuta
23/04/2021;Extremadura
23/04/2021;Galicia
23/04/2021;Madrid
23/04/2021;Melilla
23/04/2021;Navarra
23/04/2021;Valencia
23/04/2021;La Rioja
23/04/2021;País Vasco
23/04/2021;Murcia
02/05/2021;Andalucia
02/05/2021;Cataluña
02/05/2021;Festivos nacionales
02/05/2021;Aragón
02/05/2021;Asturias
02/05/2021;Baleares
02/05/2021;Canarias
02/05/2021;Cantabria
02/05/2021;Castilla y León
02/05/2021;Castilla La Mancha
02/05/2021;Ceuta
02/05/2021;Extremadura
02/05/2021;Galicia
02/05/2021;Madrid
02/05/2021;Melilla
02/05/2021;Navarra
02/05/2021;Valencia
02/05/2021;La Rioja
02/05/2021;País Vasco
02/05/2021;Murcia
03/05/2021;Festivos nacionales
15/05/2021;Andalucia
15/05/2021;Cataluña
15/05/2021;Festivos nacionales
15/05/2021;Aragón
15/05/2021;Asturias
15/05/2021;Baleares
15/05/2021;Canarias
15/05/2021;Cantabria
15/05/2021;Castilla y León
15/05/2021;Castilla La Mancha
15/05/2021;Ceuta
15/05/2021;Extremadura
15/05/2021;Galicia
15/05/2021;Madrid
15/05/2021;Melilla
15/05/2021;Navarra
15/05/2021;Valencia
15/05/2021;La Rioja
15/05/2021;País Vasco
15/05/2021;Murcia
17/05/2021;Andalucia
17/05/2021;Cataluña
17/05/2021;Festivos nacionales
17/05/2021;Aragón
17/05/2021;Asturias
17/05/2021;Baleares
17/05/2021;Canarias
17/05/2021;Cantabria
17/05/2021;Castilla y León
17/05/2021;Castilla La Mancha
17/05/2021;Ceuta
17/05/2021;Extremadura
17/05/2021;Galicia
17/05/2021;Madrid
17/05/2021;Melilla
17/05/2021;Navarra
17/05/2021;Valencia
17/05/2021;La Rioja
17/05/2021;País Vasco
17/05/2021;Murcia
24/05/2021;Andalucia
24/05/2021;Cataluña
24/05/2021;Festivos nacionales
24/05/2021;Aragón
24/05/2021;Asturias
24/05/2021;Baleares
24/05/2021;Canarias
24/05/2021;Cantabria
24/05/2021;Castilla y León
24/05/2021;Castilla La Mancha
24/05/2021;Ceuta
24/05/2021;Extremadura
24/05/2021;Galicia
24/05/2021;Madrid
24/05/2021;Melilla
24/05/2021;Navarra
24/05/2021;Valencia
24/05/2021;La Rioja
24/05/2021;País Vasco
24/05/2021;Murcia
30/05/2021;Andalucia
30/05/2021;Cataluña
30/05/2021;Festivos nacionales
30/05/2021;Aragón
30/05/2021;Asturias
30/05/2021;Baleares
30/05/2021;Canarias
30/05/2021;Cantabria
30/05/2021;Castilla y León
30/05/2021;Castilla La Mancha
30/05/2021;Ceuta
30/05/2021;Extremadura
30/05/2021;Galicia
30/05/2021;Madrid
30/05/2021;Melilla
30/05/2021;Navarra
30/05/2021;Valencia
30/05/2021;La Rioja
30/05/2021;País Vasco
30/05/2021;Murcia
31/05/2021;Andalucia
31/05/2021;Cataluña
31/05/2021;Festivos nacionales
31/05/2021;Aragón
31/05/2021;Asturias
31/05/2021;Baleares
31/05/2021;Canarias
31/05/2021;Cantabria
31/05/2021;Castilla y León
31/05/2021;Castilla La Mancha
31/05/2021;Ceuta
31/05/2021;Extremadura
31/05/2021;Galicia
31/05/2021;Madrid
31/05/2021;Melilla
31/05/2021;Navarra
31/05/2021;Valencia
31/05/2021;La Rioja
31/05/2021;País Vasco
31/05/2021;Murcia
03/06/2021;Andalucia
03/06/2021;Cataluña
03/06/2021;Festivos nacionales
03/06/2021;Aragón
03/06/2021;Asturias
03/06/2021;Baleares
03/06/2021;Canarias
03/06/2021;Cantabria
03/06/2021;Castilla y León
03/06/2021;Castilla La Mancha
03/06/2021;Ceuta
03/06/2021;Extremadura
03/06/2021;Galicia
03/06/2021;Madrid
03/06/2021;Melilla
03/06/2021;Navarra
03/06/2021;Valencia
03/06/2021;La Rioja
03/06/2021;País Vasco
03/06/2021;Murcia
09/06/2021;Andalucia
09/06/2021;Cataluña
09/06/2021;Festivos nacionales
09/06/2021;Aragón
09/06/2021;Asturias
09/06/2021;Baleares
09/06/2021;Canarias
09/06/2021;Cantabria
09/06/2021;Castilla y León
09/06/2021;Castilla La Mancha
09/06/2021;Ceuta
09/06/2021;Extremadura
09/06/2021;Galicia
09/06/2021;Madrid
09/06/2021;Melilla
09/06/2021;Navarra
09/06/2021;Valencia
09/06/2021;La Rioja
09/06/2021;País Vasco
09/06/2021;Murcia
24/06/2021;Andalucia
24/06/2021;Cataluña
24/06/2021;Festivos nacionales
24/06/2021;Aragón
24/06/2021;Asturias
24/06/2021;Baleares
24/06/2021;Canarias
24/06/2021;Cantabria
24/06/2021;Castilla y León
24/06/2021;Castilla La Mancha
24/06/2021;Ceuta
24/06/2021;Extremadura
24/06/2021;Galicia
24/06/2021;Madrid
24/06/2021;Melilla
24/06/2021;Navarra
24/06/2021;Valencia
24/06/2021;La Rioja
24/06/2021;País Vasco
24/06/2021;Murcia
25/07/2021;Andalucia
25/07/2021;Cataluña
25/07/2021;País Vasco
25/07/2021;Festivos nacionales
25/07/2021;Aragón
25/07/2021;Asturias
25/07/2021;Baleares
25/07/2021;Canarias
25/07/2021;Cantabria
25/07/2021;Castilla y León
25/07/2021;Castilla La Mancha
25/07/2021;Ceuta
25/07/2021;Extremadura
25/07/2021;Galicia
25/07/2021;Madrid
25/07/2021;Melilla
25/07/2021;Navarra
25/07/2021;Valencia
25/07/2021;La Rioja
25/07/2021;Murcia
28/07/2021;Andalucia
28/07/2021;Cataluña
28/07/2021;Festivos nacionales
28/07/2021;Aragón
28/07/2021;Asturias
28/07/2021;Baleares
28/07/2021;Canarias
28/07/2021;Cantabria
28/07/2021;Castilla y León
28/07/2021;Castilla La Mancha
28/07/2021;Ceuta
28/07/2021;Extremadura
28/07/2021;Galicia
28/07/2021;Madrid
28/07/2021;Melilla
28/07/2021;Navarra
28/07/2021;Valencia
28/07/2021;La Rioja
28/07/2021;País Vasco
28/07/2021;Murcia
15/08/2021;Festivos nacionales
08/09/2021;Andalucia
08/09/2021;Cataluña
08/09/2021;Festivos nacionales
08/09/2021;Aragón
08/09/2021;Asturias
08/09/2021;Baleares
08/09/2021;Canarias
08/09/2021;Cantabria
08/09/2021;Castilla y León
08/09/2021;Castilla La Mancha
08/09/2021;Ceuta
08/09/2021;Extremadura
08/09/2021;Galicia
08/09/2021;Madrid
08/09/2021;Melilla
08/09/2021;Navarra
08/09/2021;Valencia
08/09/2021;La Rioja
08/09/2021;País Vasco
08/09/2021;Murcia
11/09/2021;Andalucia
11/09/2021;Cataluña
11/09/2021;Festivos nacionales
11/09/2021;Aragón
11/09/2021;Asturias
11/09/2021;Baleares
11/09/2021;Canarias
11/09/2021;Cantabria
11/09/2021;Castilla y León
11/09/2021;Castilla La Mancha
11/09/2021;Ceuta
11/09/2021;Extremadura
11/09/2021;Galicia
11/09/2021;Madrid
11/09/2021;Melilla
11/09/2021;Navarra
11/09/2021;Valencia
11/09/2021;La Rioja
11/09/2021;País Vasco
11/09/2021;Murcia
15/09/2021;Andalucia
15/09/2021;Cataluña
15/09/2021;Festivos nacionales
15/09/2021;Aragón
15/09/2021;Asturias
15/09/2021;Baleares
15/09/2021;Canarias
15/09/2021;Cantabria
15/09/2021;Castilla y León
15/09/2021;Castilla La Mancha
15/09/2021;Ceuta
15/09/2021;Extremadura
15/09/2021;Galicia
15/09/2021;Madrid
15/09/2021;Melilla
15/09/2021;Navarra
15/09/2021;Valencia
15/09/2021;La Rioja
15/09/2021;País Vasco
15/09/2021;Murcia
09/10/2021;Andalucia
09/10/2021;Cataluña
09/10/2021;Festivos nacionales
09/10/2021;Aragón
09/10/2021;Asturias
09/10/2021;Baleares
09/10/2021;Canarias
09/10/2021;Cantabria
09/10/2021;Castilla y León
09/10/2021;Castilla La Mancha
09/10/2021;Ceuta
09/10/2021;Extremadura
09/10/2021;Galicia
09/10/2021;Madrid
09/10/2021;Melilla
09/10/2021;Navarra
09/10/2021;Valencia
09/10/2021;La Rioja
09/10/2021;País Vasco
09/10/2021;Murcia
12/10/2021;Festivos nacionales
25/10/2021;Andalucia
25/10/2021;Cataluña
25/10/2021;País Vasco
25/10/2021;Festivos nacionales
25/10/2021;Aragón
25/10/2021;Asturias
25/10/2021;Baleares
25/10/2021;Canarias
25/10/2021;Cantabria
25/10/2021;Castilla y León
25/10/2021;Castilla La Mancha
25/10/2021;Ceuta
25/10/2021;Extremadura
25/10/2021;Galicia
25/10/2021;Madrid
25/10/2021;Melilla
25/10/2021;Navarra
25/10/2021;Valencia
25/10/2021;La Rioja
25/10/2021;Murcia
01/11/2021;Festivos nacionales
09/11/2021;Andalucia
09/11/2021;Cataluña
09/11/2021;Festivos nacionales
09/11/2021;Aragón
09/11/2021;Asturias
09/11/2021;Baleares
09/11/2021;Canarias
09/11/2021;Cantabria
09/11/2021;Castilla y León
09/11/2021;Castilla La Mancha
09/11/2021;Ceuta
09/11/2021;Extremadura
09/11/2021;Galicia
09/11/2021;Madrid
09/11/2021;Melilla
09/11/2021;Navarra
09/11/2021;Valencia
09/11/2021;La Rioja
09/11/2021;País Vasco
09/11/2021;Murcia
03/12/2021;Andalucia
03/12/2021;Cataluña
03/12/2021;Festivos nacionales
03/12/2021;Aragón
03/12/2021;Asturias
03/12/2021;Baleares
03/12/2021;Canarias
03/12/2021;Cantabria
03/12/2021;Castilla y León
03/12/2021;Castilla La Mancha
03/12/2021;Ceuta
03/12/2021;Extremadura
03/12/2021;Galicia
03/12/2021;Madrid
03/12/2021;Melilla
03/12/2021;Navarra
03/12/2021;Valencia
03/12/2021;La Rioja
03/12/2021;País Vasco
03/12/2021;Murcia
06/12/2021;Festivos nacionales
07/12/2021;Día Entre Festivos
08/12/2021;Festivos nacionales
24/12/2021;Nochebuena
26/12/2021;Andalucia
26/12/2021;Cataluña
26/12/2021;Festivos nacionales
26/12/2021;Aragón
26/12/2021;Asturias
26/12/2021;Baleares
26/12/2021;Canarias
26/12/2021;Cantabria
26/12/2021;Castilla y León
26/12/2021;Castilla La Mancha
26/12/2021;Ceuta
26/12/2021;País Vasco
26/12/2021;Extremadura
26/12/2021;Galicia
26/12/2021;Madrid
26/12/2021;Melilla
26/12/2021;Navarra
26/12/2021;Valencia
26/12/2021;La Rioja
26/12/2021;Murcia
27/12/2021;Festivos nacionales
31/12/2021;Nochevieja
01/01/2022;Festivos nacionales
06/01/2022;Festivos nacionales
28/02/2022;Cataluña
28/02/2022;País Vasco
28/02/2022;Festivos nacionales
28/02/2022;Andalucia
28/02/2022;Aragón
28/02/2022;Asturias
28/02/2022;Baleares
28/02/2022;Canarias
28/02/2022;Cantabria
28/02/2022;Castilla y León
28/02/2022;Castilla La Mancha
28/02/2022;Ceuta
28/02/2022;Extremadura
28/02/2022;Galicia
28/02/2022;Madrid
28/02/2022;Melilla
28/02/2022;Navarra
28/02/2022;Valencia
28/02/2022;La Rioja
28/02/2022;Murcia
01/03/2022;Andalucia
01/03/2022;Cataluña
01/03/2022;País Vasco
01/03/2022;Festivos nacionales
01/03/2022;Aragón
01/03/2022;Asturias
01/03/2022;Baleares
01/03/2022;Canarias
01/03/2022;Cantabria
01/03/2022;Castilla y León
01/03/2022;Castilla La Mancha
01/03/2022;Ceuta
01/03/2022;Extremadura
01/03/2022;Galicia
01/03/2022;Madrid
01/03/2022;Melilla
01/03/2022;Navarra
01/03/2022;Valencia
01/03/2022;La Rioja
01/03/2022;Murcia
19/03/2022;Andalucia
19/03/2022;Cataluña
19/03/2022;País Vasco
19/03/2022;Festivos nacionales
19/03/2022;Aragón
19/03/2022;Asturias
19/03/2022;Baleares
19/03/2022;Canarias
19/03/2022;Cantabria
19/03/2022;Castilla y León
19/03/2022;Castilla La Mancha
19/03/2022;Ceuta
19/03/2022;Extremadura
19/03/2022;Galicia
19/03/2022;Madrid
19/03/2022;Melilla
19/03/2022;Navarra
19/03/2022;Valencia
19/03/2022;La Rioja
19/03/2022;Murcia
11/04/2022;Día Entre Festivos
12/04/2022;Día Entre Festivos
13/04/2022;Día Entre Festivos
14/04/2022;Cataluña
14/04/2022;País Vasco
14/04/2022;Festivos nacionales
14/04/2022;Andalucia
14/04/2022;Aragón
14/04/2022;Asturias
14/04/2022;Baleares
14/04/2022;Canarias
14/04/2022;Cantabria
14/04/2022;Castilla y León
14/04/2022;Castilla La Mancha
14/04/2022;Ceuta
14/04/2022;Extremadura
14/04/2022;Galicia
14/04/2022;Madrid
14/04/2022;Melilla
14/04/2022;Navarra
14/04/2022;Valencia
14/04/2022;La Rioja
14/04/2022;Murcia
15/04/2022;Festivos nacionales
18/04/2022;Andalucia
18/04/2022;Cataluña
18/04/2022;País Vasco
18/04/2022;Festivos nacionales
18/04/2022;Aragón
18/04/2022;Asturias
18/04/2022;Baleares
18/04/2022;Canarias
18/04/2022;Cantabria
18/04/2022;Castilla y León
18/04/2022;Castilla La Mancha
18/04/2022;Ceuta
18/04/2022;Extremadura
18/04/2022;Galicia
18/04/2022;Madrid
18/04/2022;Melilla
18/04/2022;Navarra
18/04/2022;Valencia
18/04/2022;La Rioja
18/04/2022;Murcia
23/04/2022;Andalucia
23/04/2022;Cataluña
23/04/2022;País Vasco
23/04/2022;Festivos nacionales
23/04/2022;Aragón
23/04/2022;Asturias
23/04/2022;Baleares
23/04/2022;Canarias
23/04/2022;Cantabria
23/04/2022;Castilla y León
23/04/2022;Castilla La Mancha
23/04/2022;Ceuta
23/04/2022;Extremadura
23/04/2022;Galicia
23/04/2022;Madrid
23/04/2022;Melilla
23/04/2022;Navarra
23/04/2022;Valencia
23/04/2022;La Rioja
23/04/2022;Murcia
02/05/2022;Festivos nacionales
15/05/2022;Andalucia
15/05/2022;Cataluña
15/05/2022;País Vasco
15/05/2022;Festivos nacionales
15/05/2022;Aragón
15/05/2022;Asturias
15/05/2022;Baleares
15/05/2022;Canarias
15/05/2022;Cantabria
15/05/2022;Castilla y León
15/05/2022;Castilla La Mancha
15/05/2022;Ceuta
15/05/2022;Extremadura
15/05/2022;Galicia
15/05/2022;Madrid
15/05/2022;Melilla
15/05/2022;Navarra
15/05/2022;Valencia
15/05/2022;La Rioja
15/05/2022;Murcia
17/05/2022;Andalucia
17/05/2022;Cataluña
17/05/2022;País Vasco
17/05/2022;Festivos nacionales
17/05/2022;Aragón
17/05/2022;Asturias
17/05/2022;Baleares
17/05/2022;Canarias
17/05/2022;Cantabria
17/05/2022;Castilla y León
17/05/2022;Castilla La Mancha
17/05/2022;Ceuta
17/05/2022;Extremadura
17/05/2022;Galicia
17/05/2022;Madrid
17/05/2022;Melilla
17/05/2022;Navarra
17/05/2022;Valencia
17/05/2022;La Rioja
17/05/2022;Murcia
30/05/2022;Andalucia
30/05/2022;Cataluña
30/05/2022;País Vasco
30/05/2022;Festivos nacionales
30/05/2022;Aragón
30/05/2022;Asturias
30/05/2022;Baleares
30/05/2022;Canarias
30/05/2022;Cantabria
30/05/2022;Castilla y León
30/05/2022;Castilla La Mancha
30/05/2022;Ceuta
30/05/2022;Extremadura
30/05/2022;Galicia
30/05/2022;Madrid
30/05/2022;Melilla
30/05/2022;Navarra
30/05/2022;Valencia
30/05/2022;La Rioja
30/05/2022;Murcia
31/05/2022;Andalucia
31/05/2022;Cataluña
31/05/2022;País Vasco
31/05/2022;Festivos nacionales
31/05/2022;Aragón
31/05/2022;Asturias
31/05/2022;Baleares
31/05/2022;Canarias
31/05/2022;Cantabria
31/05/2022;Castilla y León
31/05/2022;Castilla La Mancha
31/05/2022;Ceuta
31/05/2022;Extremadura
31/05/2022;Galicia
31/05/2022;Madrid
31/05/2022;Melilla
31/05/2022;Navarra
31/05/2022;Valencia
31/05/2022;La Rioja
31/05/2022;Murcia
06/06/2022;Andalucia
06/06/2022;Cataluña
06/06/2022;País Vasco
06/06/2022;Festivos nacionales
06/06/2022;Aragón
06/06/2022;Asturias
06/06/2022;Baleares
06/06/2022;Canarias
06/06/2022;Cantabria
06/06/2022;Castilla y León
06/06/2022;Castilla La Mancha
06/06/2022;Ceuta
06/06/2022;Extremadura
06/06/2022;Galicia
06/06/2022;Madrid
06/06/2022;Melilla
06/06/2022;Navarra
06/06/2022;Valencia
06/06/2022;La Rioja
06/06/2022;Murcia
09/06/2022;Andalucia
09/06/2022;Cataluña
09/06/2022;País Vasco
09/06/2022;Festivos nacionales
09/06/2022;Aragón
09/06/2022;Asturias
09/06/2022;Baleares
09/06/2022;Canarias
09/06/2022;Cantabria
09/06/2022;Castilla y León
09/06/2022;Castilla La Mancha
09/06/2022;Ceuta
09/06/2022;Extremadura
09/06/2022;Galicia
09/06/2022;Madrid
09/06/2022;Melilla
09/06/2022;Navarra
09/06/2022;Valencia
09/06/2022;La Rioja
09/06/2022;Murcia
16/06/2022;Andalucia
16/06/2022;Cataluña
16/06/2022;País Vasco
16/06/2022;Festivos nacionales
16/06/2022;Aragón
16/06/2022;Asturias
16/06/2022;Baleares
16/06/2022;Canarias
16/06/2022;Cantabria
16/06/2022;Castilla y León
16/06/2022;Castilla La Mancha
16/06/2022;Ceuta
16/06/2022;Extremadura
16/06/2022;Galicia
16/06/2022;Madrid
16/06/2022;Melilla
16/06/2022;Navarra
16/06/2022;Valencia
16/06/2022;La Rioja
16/06/2022;Murcia
24/06/2022;Andalucia
24/06/2022;Cataluña
24/06/2022;País Vasco
24/06/2022;Festivos nacionales
24/06/2022;Aragón
24/06/2022;Asturias
24/06/2022;Baleares
24/06/2022;Canarias
24/06/2022;Cantabria
24/06/2022;Castilla y León
24/06/2022;Castilla La Mancha
24/06/2022;Ceuta
24/06/2022;Extremadura
24/06/2022;Galicia
24/06/2022;Madrid
24/06/2022;Melilla
24/06/2022;Navarra
24/06/2022;Valencia
24/06/2022;La Rioja
24/06/2022;Murcia
25/07/2022;Andalucia
25/07/2022;Cataluña
25/07/2022;País Vasco
25/07/2022;Festivos nacionales
25/07/2022;Aragón
25/07/2022;Asturias
25/07/2022;Baleares
25/07/2022;Canarias
25/07/2022;Cantabria
25/07/2022;Castilla y León
25/07/2022;Castilla La Mancha
25/07/2022;Ceuta
25/07/2022;Extremadura
25/07/2022;Galicia
25/07/2022;Madrid
25/07/2022;Melilla
25/07/2022;Navarra
25/07/2022;Valencia
25/07/2022;La Rioja
25/07/2022;Murcia
28/07/2022;Andalucia
28/07/2022;Cataluña
28/07/2022;País Vasco
28/07/2022;Festivos nacionales
28/07/2022;Aragón
28/07/2022;Asturias
28/07/2022;Baleares
28/07/2022;Canarias
28/07/2022;Cantabria
28/07/2022;Castilla y León
28/07/2022;Castilla La Mancha
28/07/2022;Ceuta
28/07/2022;Extremadura
28/07/2022;Galicia
28/07/2022;Madrid
28/07/2022;Melilla
28/07/2022;Navarra
28/07/2022;Valencia
28/07/2022;La Rioja
28/07/2022;Murcia
15/08/2022;Festivos nacionales
08/09/2022;Andalucia
08/09/2022;Cataluña
08/09/2022;País Vasco
08/09/2022;Festivos nacionales
08/09/2022;Aragón
08/09/2022;Asturias
08/09/2022;Baleares
08/09/2022;Canarias
08/09/2022;Cantabria
08/09/2022;Castilla y León
08/09/2022;Castilla La Mancha
08/09/2022;Ceuta
08/09/2022;Extremadura
08/09/2022;Galicia
08/09/2022;Madrid
08/09/2022;Melilla
08/09/2022;Navarra
08/09/2022;Valencia
08/09/2022;La Rioja
08/09/2022;Murcia
11/09/2022;Andalucia
11/09/2022;Cataluña
11/09/2022;País Vasco
11/09/2022;Festivos nacionales
11/09/2022;Aragón
11/09/2022;Asturias
11/09/2022;Baleares
11/09/2022;Canarias
11/09/2022;Cantabria
11/09/2022;Castilla y León
11/09/2022;Castilla La Mancha
11/09/2022;Ceuta
11/09/2022;Extremadura
11/09/2022;Galicia
11/09/2022;Madrid
11/09/2022;Melilla
11/09/2022;Navarra
11/09/2022;Valencia
11/09/2022;La Rioja
11/09/2022;Murcia
15/09/2022;Andalucia
15/09/2022;Cataluña
15/09/2022;País Vasco
15/09/2022;Festivos nacionales
15/09/2022;Aragón
15/09/2022;Asturias
15/09/2022;Baleares
15/09/2022;Canarias
15/09/2022;Cantabria
15/09/2022;Castilla y León
15/09/2022;Castilla La Mancha
15/09/2022;Ceuta
15/09/2022;Extremadura
15/09/2022;Galicia
15/09/2022;Madrid
15/09/2022;Melilla
15/09/2022;Navarra
15/09/2022;Valencia
15/09/2022;La Rioja
15/09/2022;Murcia
09/10/2022;Andalucia
09/10/2022;Cataluña
09/10/2022;País Vasco
09/10/2022;Festivos nacionales
09/10/2022;Aragón
09/10/2022;Asturias
09/10/2022;Baleares
09/10/2022;Canarias
09/10/2022;Cantabria
09/10/2022;Castilla y León
09/10/2022;Castilla La Mancha
09/10/2022;Ceuta
09/10/2022;Extremadura
09/10/2022;Galicia
09/10/2022;Madrid
09/10/2022;Melilla
09/10/2022;Navarra
09/10/2022;Valencia
09/10/2022;La Rioja
09/10/2022;Murcia
12/10/2022;Festivos nacionales
25/10/2022;Andalucia
25/10/2022;Cataluña
25/10/2022;País Vasco
25/10/2022;Festivos nacionales
25/10/2022;Aragón
25/10/2022;Asturias
25/10/2022;Baleares
25/10/2022;Canarias
25/10/2022;Cantabria
25/10/2022;Castilla y León
25/10/2022;Castilla La Mancha
25/10/2022;Ceuta
25/10/2022;Extremadura
25/10/2022;Galicia
25/10/2022;Madrid
25/10/2022;Melilla
25/10/2022;Navarra
25/10/2022;Valencia
25/10/2022;La Rioja
25/10/2022;Murcia
01/11/2022;Festivos nacionales
09/11/2022;Andalucia
09/11/2022;Cataluña
09/11/2022;País Vasco
09/11/2022;Festivos nacionales
09/11/2022;Aragón
09/11/2022;Asturias
09/11/2022;Baleares
09/11/2022;Canarias
09/11/2022;Cantabria
09/11/2022;Castilla y León
09/11/2022;Castilla La Mancha
09/11/2022;Ceuta
09/11/2022;Extremadura
09/11/2022;Galicia
09/11/2022;Madrid
09/11/2022;Melilla
09/11/2022;Navarra
09/11/2022;Valencia
09/11/2022;La Rioja
09/11/2022;Murcia
03/12/2022;Andalucia
03/12/2022;Cataluña
03/12/2022;País Vasco
03/12/2022;Festivos nacionales
03/12/2022;Aragón
03/12/2022;Asturias
03/12/2022;Baleares
03/12/2022;Canarias
03/12/2022;Cantabria
03/12/2022;Castilla y León
03/12/2022;Castilla La Mancha
03/12/2022;Ceuta
03/12/2022;Extremadura
03/12/2022;Galicia
03/12/2022;Madrid
03/12/2022;Melilla
03/12/2022;Navarra
03/12/2022;Valencia
03/12/2022;La Rioja
03/12/2022;Murcia
06/12/2022;Festivos nacionales
07/12/2022;Día Entre Festivos
08/12/2022;Festivos nacionales
24/12/2022;Nochebuena
26/12/2022;Festivos nacionales
31/12/2022;Nochevieja
01/01/2023;Festivos nacionales
06/01/2023;Festivos nacionales
28/02/2023;Cataluña
28/02/2023;País Vasco
28/02/2023;Festivos nacionales
28/02/2023;Andalucia
28/02/2023;Aragón
28/02/2023;Asturias
28/02/2023;Baleares
28/02/2023;Canarias
28/02/2023;Cantabria
28/02/2023;Castilla y León
28/02/2023;Castilla La Mancha
28/02/2023;Ceuta
28/02/2023;Extremadura
28/02/2023;Galicia
28/02/2023;Madrid
28/02/2023;Melilla
28/02/2023;Navarra
28/02/2023;Valencia
28/02/2023;La Rioja
28/02/2023;Murcia
01/03/2023;Andalucia
01/03/2023;Cataluña
01/03/2023;País Vasco
01/03/2023;Festivos nacionales
01/03/2023;Aragón
01/03/2023;Asturias
01/03/2023;Baleares
01/03/2023;Canarias
01/03/2023;Cantabria
01/03/2023;Castilla y León
01/03/2023;Castilla La Mancha
01/03/2023;Ceuta
01/03/2023;Extremadura
01/03/2023;Galicia
01/03/2023;Madrid
01/03/2023;Melilla
01/03/2023;Navarra
01/03/2023;Valencia
01/03/2023;La Rioja
01/03/2023;Murcia
19/03/2023;Andalucia
19/03/2023;Cataluña
19/03/2023;País Vasco
19/03/2023;Festivos nacionales
19/03/2023;Aragón
19/03/2023;Asturias
19/03/2023;Baleares
19/03/2023;Canarias
19/03/2023;Cantabria
19/03/2023;Castilla y León
19/03/2023;Castilla La Mancha
19/03/2023;Ceuta
19/03/2023;Extremadura
19/03/2023;Galicia
19/03/2023;Madrid
19/03/2023;Melilla
19/03/2023;Navarra
19/03/2023;Valencia
19/03/2023;La Rioja
19/03/2023;Murcia
03/04/2023;Día Entre Festivos
04/04/2023;Día Entre Festivos
05/04/2023;Día Entre Festivos
06/04/2023;Cataluña
06/04/2023;País Vasco
06/04/2023;Festivos nacionales
06/04/2023;Andalucia
06/04/2023;Aragón
06/04/2023;Asturias
06/04/2023;Baleares
06/04/2023;Canarias
06/04/2023;Cantabria
06/04/2023;Castilla y León
06/04/2023;Castilla La Mancha
06/04/2023;Ceuta
06/04/2023;Extremadura
06/04/2023;Galicia
06/04/2023;Madrid
06/04/2023;Melilla
06/04/2023;Navarra
06/04/2023;Valencia
06/04/2023;La Rioja
06/04/2023;Murcia
07/04/2023;Festivos nacionales
10/04/2023;Andalucia
10/04/2023;Cataluña
10/04/2023;País Vasco
10/04/2023;Festivos nacionales
10/04/2023;Aragón
10/04/2023;Asturias
10/04/2023;Baleares
10/04/2023;Canarias
10/04/2023;Cantabria
10/04/2023;Castilla y León
10/04/2023;Castilla La Mancha
10/04/2023;Ceuta
10/04/2023;Extremadura
10/04/2023;Galicia
10/04/2023;Madrid
10/04/2023;Melilla
10/04/2023;Navarra
10/04/2023;Valencia
10/04/2023;La Rioja
10/04/2023;Murcia
23/04/2023;Andalucia
23/04/2023;Cataluña
23/04/2023;País Vasco
23/04/2023;Festivos nacionales
23/04/2023;Aragón
23/04/2023;Asturias
23/04/2023;Baleares
23/04/2023;Canarias
23/04/2023;Cantabria
23/04/2023;Castilla y León
23/04/2023;Castilla La Mancha
23/04/2023;Ceuta
23/04/2023;Extremadura
23/04/2023;Galicia
23/04/2023;Madrid
23/04/2023;Melilla
23/04/2023;Navarra
23/04/2023;Valencia
23/04/2023;La Rioja
23/04/2023;Murcia
01/05/2023;Festivos nacionales
02/05/2023;Andalucia
02/05/2023;Cataluña
02/05/2023;País Vasco
02/05/2023;Festivos nacionales
02/05/2023;Aragón
02/05/2023;Asturias
02/05/2023;Baleares
02/05/2023;Canarias
02/05/2023;Cantabria
02/05/2023;Castilla y León
02/05/2023;Castilla La Mancha
02/05/2023;Ceuta
02/05/2023;Extremadura
02/05/2023;Galicia
02/05/2023;Madrid
02/05/2023;Melilla
02/05/2023;Navarra
02/05/2023;Valencia
02/05/2023;La Rioja
02/05/2023;Murcia
15/05/2023;Andalucia
15/05/2023;Cataluña
15/05/2023;País Vasco
15/05/2023;Festivos nacionales
15/05/2023;Aragón
15/05/2023;Asturias
15/05/2023;Baleares
15/05/2023;Canarias
15/05/2023;Cantabria
15/05/2023;Castilla y León
15/05/2023;Castilla La Mancha
15/05/2023;Ceuta
15/05/2023;Extremadura
15/05/2023;Galicia
15/05/2023;Madrid
15/05/2023;Melilla
15/05/2023;Navarra
15/05/2023;Valencia
15/05/2023;La Rioja
15/05/2023;Murcia
17/05/2023;Andalucia
17/05/2023;Cataluña
17/05/2023;País Vasco
17/05/2023;Festivos nacionales
17/05/2023;Aragón
17/05/2023;Asturias
17/05/2023;Baleares
17/05/2023;Canarias
17/05/2023;Cantabria
17/05/2023;Castilla y León
17/05/2023;Castilla La Mancha
17/05/2023;Ceuta
17/05/2023;Extremadura
17/05/2023;Galicia
17/05/2023;Madrid
17/05/2023;Melilla
17/05/2023;Navarra
17/05/2023;Valencia
17/05/2023;La Rioja
17/05/2023;Murcia
29/05/2023;Andalucia
29/05/2023;Cataluña
29/05/2023;País Vasco
29/05/2023;Festivos nacionales
29/05/2023;Aragón
29/05/2023;Asturias
29/05/2023;Baleares
29/05/2023;Canarias
29/05/2023;Cantabria
29/05/2023;Castilla y León
29/05/2023;Castilla La Mancha
29/05/2023;Ceuta
29/05/2023;Extremadura
29/05/2023;Galicia
29/05/2023;Madrid
29/05/2023;Melilla
29/05/2023;Navarra
29/05/2023;Valencia
29/05/2023;La Rioja
29/05/2023;Murcia
30/05/2023;Andalucia
30/05/2023;Cataluña
30/05/2023;País Vasco
30/05/2023;Festivos nacionales
30/05/2023;Aragón
30/05/2023;Asturias
30/05/2023;Baleares
30/05/2023;Canarias
30/05/2023;Cantabria
30/05/2023;Castilla y León
30/05/2023;Castilla La Mancha
30/05/2023;Ceuta
30/05/2023;Extremadura
30/05/2023;Galicia
30/05/2023;Madrid
30/05/2023;Melilla
30/05/2023;Navarra
30/05/2023;Valencia
30/05/2023;La Rioja
30/05/2023;Murcia
31/05/2023;Andalucia
31/05/2023;Cataluña
31/05/2023;País Vasco
31/05/2023;Festivos nacionales
31/05/2023;Aragón
31/05/2023;Asturias
31/05/2023;Baleares
31/05/2023;Canarias
31/05/2023;Cantabria
31/05/2023;Castilla y León
31/05/2023;Castilla La Mancha
31/05/2023;Ceuta
31/05/2023;Extremadura
31/05/2023;Galicia
31/05/2023;Madrid
31/05/2023;Melilla
31/05/2023;Navarra
31/05/2023;Valencia
31/05/2023;La Rioja
31/05/2023;Murcia
08/06/2023;Andalucia
08/06/2023;Cataluña
08/06/2023;País Vasco
08/06/2023;Festivos nacionales
08/06/2023;Aragón
08/06/2023;Asturias
08/06/2023;Baleares
08/06/2023;Canarias
08/06/2023;Cantabria
08/06/2023;Castilla y León
08/06/2023;Castilla La Mancha
08/06/2023;Ceuta
08/06/2023;Extremadura
08/06/2023;Galicia
08/06/2023;Madrid
08/06/2023;Melilla
08/06/2023;Navarra
08/06/2023;Valencia
08/06/2023;La Rioja
08/06/2023;Murcia
09/06/2023;Andalucia
09/06/2023;Cataluña
09/06/2023;País Vasco
09/06/2023;Festivos nacionales
09/06/2023;Aragón
09/06/2023;Asturias
09/06/2023;Baleares
09/06/2023;Canarias
09/06/2023;Cantabria
09/06/2023;Castilla y León
09/06/2023;Castilla La Mancha
09/06/2023;Ceuta
09/06/2023;Extremadura
09/06/2023;Galicia
09/06/2023;Madrid
09/06/2023;Melilla
09/06/2023;Navarra
09/06/2023;Valencia
09/06/2023;La Rioja
09/06/2023;Murcia
24/06/2023;Andalucia
24/06/2023;Cataluña
24/06/2023;País Vasco
24/06/2023;Festivos nacionales
24/06/2023;Aragón
24/06/2023;Asturias
24/06/2023;Baleares
24/06/2023;Canarias
24/06/2023;Cantabria
24/06/2023;Castilla y León
24/06/2023;Castilla La Mancha
24/06/2023;Ceuta
24/06/2023;Extremadura
24/06/2023;Galicia
24/06/2023;Madrid
24/06/2023;Melilla
24/06/2023;Navarra
24/06/2023;Valencia
24/06/2023;La Rioja
24/06/2023;Murcia
25/07/2023;Andalucia
25/07/2023;Cataluña
25/07/2023;País Vasco
25/07/2023;Festivos nacionales
25/07/2023;Aragón
25/07/2023;Asturias
25/07/2023;Baleares
25/07/2023;Canarias
25/07/2023;Cantabria
25/07/2023;Castilla y León
25/07/2023;Castilla La Mancha
25/07/2023;Ceuta
25/07/2023;Extremadura
25/07/2023;Galicia
25/07/2023;Madrid
25/07/2023;Melilla
25/07/2023;Navarra
25/07/2023;Valencia
25/07/2023;La Rioja
25/07/2023;Murcia
28/07/2023;Andalucia
28/07/2023;Cataluña
28/07/2023;País Vasco
28/07/2023;Festivos nacionales
28/07/2023;Aragón
28/07/2023;Asturias
28/07/2023;Baleares
28/07/2023;Canarias
28/07/2023;Cantabria
28/07/2023;Castilla y León
28/07/2023;Castilla La Mancha
28/07/2023;Ceuta
28/07/2023;Extremadura
28/07/2023;Galicia
28/07/2023;Madrid
28/07/2023;Melilla
28/07/2023;Navarra
28/07/2023;Valencia
28/07/2023;La Rioja
28/07/2023;Murcia
15/08/2023;Festivos nacionales
08/09/2023;Andalucia
08/09/2023;Cataluña
08/09/2023;País Vasco
08/09/2023;Festivos nacionales
08/09/2023;Aragón
08/09/2023;Asturias
08/09/2023;Baleares
08/09/2023;Canarias
08/09/2023;Cantabria
08/09/2023;Castilla y León
08/09/2023;Castilla La Mancha
08/09/2023;Ceuta
08/09/2023;Extremadura
08/09/2023;Galicia
08/09/2023;Madrid
08/09/2023;Melilla
08/09/2023;Navarra
08/09/2023;Valencia
08/09/2023;La Rioja
08/09/2023;Murcia
11/09/2023;Andalucia
11/09/2023;Cataluña
11/09/2023;País Vasco
11/09/2023;Festivos nacionales
11/09/2023;Aragón
11/09/2023;Asturias
11/09/2023;Baleares
11/09/2023;Canarias
11/09/2023;Cantabria
11/09/2023;Castilla y León
11/09/2023;Castilla La Mancha
11/09/2023;Ceuta
11/09/2023;Extremadura
11/09/2023;Galicia
11/09/2023;Madrid
11/09/2023;Melilla
11/09/2023;Navarra
11/09/2023;Valencia
11/09/2023;La Rioja
11/09/2023;Murcia
15/09/2023;Andalucia
15/09/2023;Cataluña
15/09/2023;País Vasco
15/09/2023;Festivos nacionales
15/09/2023;Aragón
15/09/2023;Asturias
15/09/2023;Baleares
15/09/2023;Canarias
15/09/2023;Cantabria
15/09/2023;Castilla y León
15/09/2023;Castilla La Mancha
15/09/2023;Ceuta
15/09/2023;Extremadura
15/09/2023;Galicia
15/09/2023;Madrid
15/09/2023;Melilla
15/09/2023;Navarra
15/09/2023;Valencia
15/09/2023;La Rioja
15/09/2023;Murcia
09/10/2023;Andalucia
09/10/2023;Cataluña
09/10/2023;País Vasco
09/10/2023;Festivos nacionales
09/10/2023;Aragón
09/10/2023;Asturias
09/10/2023;Baleares
09/10/2023;Canarias
09/10/2023;Cantabria
09/10/2023;Castilla y León
09/10/2023;Castilla La Mancha
09/10/2023;Ceuta
09/10/2023;Extremadura
09/10/2023;Galicia
09/10/2023;Madrid
09/10/2023;Melilla
09/10/2023;Navarra
09/10/2023;Valencia
09/10/2023;La Rioja
09/10/2023;Murcia
12/10/2023;Festivos nacionales
25/10/2023;Andalucia
25/10/2023;Cataluña
25/10/2023;País Vasco
25/10/2023;Festivos nacionales
25/10/2023;Aragón
25/10/2023;Asturias
25/10/2023;Baleares
25/10/2023;Canarias
25/10/2023;Cantabria
25/10/2023;Castilla y León
25/10/2023;Castilla La Mancha
25/10/2023;Ceuta
25/10/2023;Extremadura
25/10/2023;Galicia
25/10/2023;Madrid
25/10/2023;Melilla
25/10/2023;Navarra
25/10/2023;Valencia
25/10/2023;La Rioja
25/10/2023;Murcia
01/11/2023;Festivos nacionales
09/11/2023;Andalucia
09/11/2023;Cataluña
09/11/2023;País Vasco
09/11/2023;Festivos nacionales
09/11/2023;Aragón
09/11/2023;Asturias
09/11/2023;Baleares
09/11/2023;Canarias
09/11/2023;Cantabria
09/11/2023;Castilla y León
09/11/2023;Castilla La Mancha
09/11/2023;Ceuta
09/11/2023;Extremadura
09/11/2023;Galicia
09/11/2023;Madrid
09/11/2023;Melilla
09/11/2023;Navarra
09/11/2023;Valencia
09/11/2023;La Rioja
09/11/2023;Murcia
03/12/2023;Andalucia
03/12/2023;Cataluña
03/12/2023;País Vasco
03/12/2023;Festivos nacionales
03/12/2023;Aragón
03/12/2023;Asturias
03/12/2023;Baleares
03/12/2023;Canarias
03/12/2023;Cantabria
03/12/2023;Castilla y León
03/12/2023;Castilla La Mancha
03/12/2023;Ceuta
03/12/2023;Extremadura
03/12/2023;Galicia
03/12/2023;Madrid
03/12/2023;Melilla
03/12/2023;Navarra
03/12/2023;Valencia
03/12/2023;La Rioja
03/12/2023;Murcia
06/12/2023;Festivos nacionales
07/12/2023;Día Entre Festivos
08/12/2023;Festivos nacionales
24/12/2023;Nochebuena
25/12/2023;Festivos nacionales
26/12/2023;Andalucia
26/12/2023;Cataluña
26/12/2023;País Vasco
26/12/2023;Festivos nacionales
26/12/2023;Aragón
26/12/2023;Asturias
26/12/2023;Baleares
26/12/2023;Canarias
26/12/2023;Cantabria
26/12/2023;Castilla y León
26/12/2023;Castilla La Mancha
26/12/2023;Ceuta
26/12/2023;Extremadura
26/12/2023;Galicia
26/12/2023;Madrid
26/12/2023;Melilla
26/12/2023;Murcia
26/12/2023;Navarra
26/12/2023;Valencia
26/12/2023;La Rioja
31/12/2023;Nochevieja
